Snapshot_Month,Warehouse_ID,Product_ID,Stock_Level,Reorder_Level,Days_of_Cover
2025-01-01,W01,P045,0,158,0.0
2025-01-01,W01,P049,579,165,2.22
2025-01-01,W01,P008,390,103,0.6
2025-01-01,W01,P007,805,325,3.64
2025-01-01,W01,P009,108,35,0.15
2025-01-01,W01,P058,477,208,1.88
2025-01-01,W01,P005,861,209,1.29
2025-01-01,W01,P025,103,23,0.34
2025-01-01,W01,P022,44,20,0.38
2025-01-01,W01,P010,529,203,1.73
2025-01-01,W01,P046,446,147,1.03
2025-01-01,W01,P011,0,261,0.0
2025-01-01,W01,P012,773,340,4.76
2025-01-01,W01,P044,564,230,1.6
2025-01-01,W01,P001,859,322,1.86
2025-01-01,W01,P038,688,155,6.83
2025-01-01,W01,P029,416,153,1.47
2025-01-01,W01,P057,209,89,0.28
2025-01-01,W01,P030,377,144,2.27
2025-01-01,W01,P017,644,156,1.61
2025-01-01,W01,P055,880,175,7.82
2025-01-01,W01,P002,364,86,0.74
2025-01-01,W01,P016,499,138,0.7
2025-01-01,W01,P031,851,238,4.84
2025-01-01,W01,P028,409,162,0.63
2025-01-01,W01,P019,209,50,0.35
2025-01-01,W01,P056,892,208,2.1
2025-01-01,W01,P059,676,199,3.35
2025-01-01,W01,P015,693,274,1.77
2025-01-01,W01,P035,899,193,5.65
2025-01-01,W01,P053,662,173,1.36
2025-01-01,W01,P041,437,126,1.67
2025-01-01,W01,P034,756,311,1.94
2025-01-01,W01,P047,63,20,0.1
2025-01-01,W01,P052,409,111,0.81
2025-01-01,W01,P018,690,267,9.05
2025-01-01,W01,P027,608,232,1.91
2025-01-01,W01,P050,137,31,0.41
2025-01-01,W01,P021,381,72,1.17
2025-01-01,W01,P060,662,205,1.54
2025-01-01,W01,P004,460,171,2.06
2025-01-01,W01,P037,201,58,0.69
2025-01-01,W01,P003,879,319,3.75
2025-01-01,W01,P036,667,276,2.29
2025-01-01,W01,P014,648,244,1.27
2025-01-01,W01,P024,257,100,0.72
2025-01-01,W01,P042,849,358,1.83
2025-01-01,W01,P033,257,76,1.37
2025-01-01,W01,P006,498,142,1.16
2025-01-01,W01,P040,362,156,1.26
2025-01-01,W01,P048,636,276,0.99
2025-01-01,W01,P026,221,41,1.24
2025-01-01,W01,P051,226,42,2.06
2025-01-01,W01,P023,371,142,1.62
2025-01-01,W01,P013,0,226,0.0
2025-01-01,W01,P020,510,210,1.0
2025-01-01,W01,P054,161,71,0.66
2025-01-01,W01,P039,888,263,3.62
2025-01-01,W01,P032,378,157,1.59
2025-01-01,W01,P043,213,44,0.34
2025-01-01,W02,P040,791,290,11.55
2025-01-01,W02,P005,472,165,1.8
2025-01-01,W02,P001,130,35,0.29
2025-01-01,W02,P015,699,225,5.33
2025-01-01,W02,P060,659,262,0.88
2025-01-01,W02,P033,783,164,1.57
2025-01-01,W02,P009,126,52,0.28
2025-01-01,W02,P037,260,70,0.38
2025-01-01,W02,P002,789,158,1.19
2025-01-01,W02,P047,411,81,1.57
2025-01-01,W02,P059,599,182,0.87
2025-01-01,W02,P026,891,225,1.56
2025-01-01,W02,P036,816,147,2.55
2025-01-01,W02,P004,501,145,0.91
2025-01-01,W02,P024,769,185,1.47
2025-01-01,W02,P032,561,235,1.91
2025-01-01,W02,P057,475,145,1.26
2025-01-01,W02,P008,802,145,2.03
2025-01-01,W02,P049,392,131,0.81
2025-01-01,W02,P046,98,37,0.16
2025-01-01,W02,P054,512,152,0.86
2025-01-01,W02,P012,566,238,3.56
2025-01-01,W02,P029,658,146,6.85
2025-01-01,W02,P034,35,20,0.05
2025-01-01,W02,P042,645,140,2.15
2025-01-01,W02,P058,467,185,1.65
2025-01-01,W02,P053,153,30,0.24
2025-01-01,W02,P025,380,88,1.02
2025-01-01,W02,P055,450,156,0.99
2025-01-01,W02,P048,56,25,0.09
2025-01-01,W02,P045,810,342,1.18
2025-01-01,W02,P030,706,157,2.13
2025-01-01,W02,P056,869,200,1.52
2025-01-01,W02,P050,705,311,1.22
2025-01-01,W02,P023,832,315,1.21
2025-01-01,W02,P021,194,52,1.53
2025-01-01,W02,P043,604,178,1.15
2025-01-01,W02,P018,109,35,1.52
2025-01-01,W02,P027,676,147,2.15
2025-01-01,W02,P010,184,80,0.28
2025-01-01,W02,P013,709,190,1.16
2025-01-01,W02,P003,409,83,0.86
2025-01-01,W02,P006,890,294,2.09
2025-01-01,W02,P016,243,91,1.02
2025-01-01,W02,P019,527,235,0.91
2025-01-01,W02,P028,888,381,2.27
2025-01-01,W02,P039,347,127,1.28
2025-01-01,W02,P011,810,192,2.63
2025-01-01,W02,P052,753,313,2.61
2025-01-01,W02,P017,410,101,2.82
2025-01-01,W02,P031,74,20,0.14
2025-01-01,W02,P035,552,193,1.52
2025-01-01,W02,P038,710,200,1.13
2025-01-01,W02,P014,688,279,6.11
2025-01-01,W02,P051,572,194,1.29
2025-01-01,W02,P022,160,34,1.02
2025-01-01,W02,P044,151,60,0.25
2025-01-01,W02,P041,174,48,0.83
2025-01-01,W02,P020,634,169,4.06
2025-01-01,W02,P007,268,118,0.38
2025-01-01,W03,P016,222,47,0.6
2025-01-01,W03,P027,265,48,0.44
2025-01-01,W03,P019,711,223,1.37
2025-01-01,W03,P010,387,147,0.8
2025-01-01,W03,P038,40,20,0.14
2025-01-01,W03,P059,694,247,10.44
2025-01-01,W03,P045,98,31,0.21
2025-01-01,W03,P033,791,235,1.83
2025-01-01,W03,P021,600,162,0.98
2025-01-01,W03,P036,97,24,0.44
2025-01-01,W03,P020,295,81,0.64
2025-01-01,W03,P007,263,78,0.98
2025-01-01,W03,P058,608,250,2.36
2025-01-01,W03,P030,688,203,1.9
2025-01-01,W03,P005,255,68,1.94
2025-01-01,W03,P031,400,128,0.68
2025-01-01,W03,P017,721,285,11.13
2025-01-01,W03,P052,396,125,0.94
2025-01-01,W03,P008,553,243,5.83
2025-01-01,W03,P032,857,370,1.61
2025-01-01,W03,P006,863,176,1.27
2025-01-01,W03,P046,870,203,1.19
2025-01-01,W03,P035,0,111,0.0
2025-01-01,W03,P053,213,78,1.63
2025-01-01,W03,P015,535,141,0.78
2025-01-01,W03,P014,813,333,3.04
2025-01-01,W03,P037,361,89,2.46
2025-01-01,W03,P024,713,248,1.08
2025-01-01,W03,P054,700,300,0.99
2025-01-01,W03,P003,0,31,0.0
2025-01-01,W03,P043,183,53,0.32
2025-01-01,W03,P041,185,74,0.63
2025-01-01,W03,P056,212,71,0.28
2025-01-01,W03,P044,782,210,4.01
2025-01-01,W03,P026,682,220,4.72
2025-01-01,W03,P048,682,172,7.18
2025-01-01,W03,P004,778,161,1.13
2025-01-01,W03,P018,547,127,0.9
2025-01-01,W03,P051,471,198,0.85
2025-01-01,W03,P042,449,119,1.26
2025-01-01,W03,P012,346,85,1.22
2025-01-01,W03,P009,661,142,1.21
2025-01-01,W03,P025,453,151,1.86
2025-01-01,W03,P023,676,205,1.99
2025-01-01,W03,P039,866,165,1.94
2025-01-01,W03,P055,395,147,0.75
2025-01-01,W03,P040,785,223,1.51
2025-01-01,W03,P002,800,345,5.16
2025-01-01,W03,P013,785,351,1.57
2025-01-01,W03,P047,111,24,0.23
2025-01-01,W03,P029,727,175,1.03
2025-01-01,W03,P060,395,122,0.88
2025-01-01,W03,P022,658,160,1.52
2025-01-01,W03,P028,483,200,4.86
2025-01-01,W03,P001,310,62,3.4
2025-01-01,W03,P057,262,101,0.51
2025-01-01,W03,P011,317,70,0.46
2025-01-01,W03,P049,738,236,4.08
2025-01-01,W03,P034,827,240,1.46
2025-01-01,W03,P050,819,223,2.65
2025-01-01,W04,P036,541,238,3.14
2025-01-01,W04,P040,265,109,1.41
2025-01-01,W04,P052,676,215,1.45
2025-01-01,W04,P006,430,165,3.17
2025-01-01,W04,P020,606,254,6.95
2025-01-01,W04,P004,533,198,1.07
2025-01-01,W04,P054,249,89,0.4
2025-01-01,W04,P003,880,234,1.44
2025-01-01,W04,P013,800,359,2.24
2025-01-01,W04,P005,600,172,1.29
2025-01-01,W04,P024,590,262,1.13
2025-01-01,W04,P018,293,100,0.94
2025-01-01,W04,P008,127,30,0.19
2025-01-01,W04,P007,195,80,1.07
2025-01-01,W04,P041,537,238,0.85
2025-01-01,W04,P026,230,77,0.34
2025-01-01,W04,P010,291,114,2.89
2025-01-01,W04,P050,754,326,1.28
2025-01-01,W04,P028,494,191,1.25
2025-01-01,W04,P059,52,20,0.08
2025-01-01,W04,P027,631,115,2.09
2025-01-01,W04,P045,763,170,2.08
2025-01-01,W04,P025,873,251,1.32
2025-01-01,W04,P049,520,179,1.5
2025-01-01,W04,P055,419,126,0.6
2025-01-01,W04,P037,390,150,1.09
2025-01-01,W04,P032,143,50,0.45
2025-01-01,W04,P017,239,69,0.79
2025-01-01,W04,P015,581,112,0.93
2025-01-01,W04,P021,880,199,2.98
2025-01-01,W04,P058,601,185,2.69
2025-01-01,W04,P011,478,176,1.45
2025-01-01,W04,P019,819,181,9.11
2025-01-01,W04,P012,225,62,2.63
2025-01-01,W04,P048,100,32,0.78
2025-01-01,W04,P053,529,237,1.13
2025-01-01,W04,P046,826,254,1.95
2025-01-01,W04,P031,498,127,1.41
2025-01-01,W04,P022,49,20,0.4
2025-01-01,W04,P016,831,321,1.59
2025-01-01,W04,P034,845,228,1.84
2025-01-01,W04,P043,772,271,1.5
2025-01-01,W04,P033,173,34,0.42
2025-01-01,W04,P047,669,220,3.34
2025-01-01,W04,P001,759,335,1.48
2025-01-01,W04,P002,819,247,5.68
2025-01-01,W04,P023,242,45,0.62
2025-01-01,W04,P014,476,97,0.9
2025-01-01,W04,P035,615,201,5.56
2025-01-01,W04,P038,320,130,3.24
2025-01-01,W04,P029,398,147,1.52
2025-01-01,W04,P056,453,183,1.26
2025-01-01,W04,P057,734,175,1.63
2025-01-01,W04,P051,208,85,2.44
2025-01-01,W04,P009,853,310,1.21
2025-01-01,W04,P039,648,229,1.51
2025-01-01,W04,P044,863,260,1.89
2025-01-01,W04,P042,469,118,1.93
2025-01-01,W04,P060,287,100,1.21
2025-01-01,W04,P030,865,230,4.5
2025-01-01,W05,P050,582,201,1.3
2025-01-01,W05,P001,40,20,0.11
2025-01-01,W05,P055,45,20,0.16
2025-01-01,W05,P002,611,136,2.42
2025-01-01,W05,P026,544,123,1.07
2025-01-01,W05,P034,345,116,0.59
2025-01-01,W05,P056,464,119,1.2
2025-01-01,W05,P020,876,272,1.48
2025-01-01,W05,P005,850,214,3.71
2025-01-01,W05,P003,856,358,3.31
2025-01-01,W05,P031,42,20,0.2
2025-01-01,W05,P010,243,62,1.03
2025-01-01,W05,P060,243,81,0.56
2025-01-01,W05,P007,414,81,0.59
2025-01-01,W05,P039,534,193,1.12
2025-01-01,W05,P059,87,35,0.16
2025-01-01,W05,P045,819,313,1.13
2025-01-01,W05,P016,88,35,0.87
2025-01-01,W05,P057,374,102,1.66
2025-01-01,W05,P040,426,111,1.04
2025-01-01,W05,P041,494,104,0.76
2025-01-01,W05,P058,662,151,1.07
2025-01-01,W05,P036,249,84,0.5
2025-01-01,W05,P044,840,220,3.66
2025-01-01,W05,P006,879,248,1.71
2025-01-01,W05,P019,107,20,0.17
2025-01-01,W05,P049,483,196,1.98
2025-01-01,W05,P025,667,288,1.48
2025-01-01,W05,P011,0,150,0.0
2025-01-01,W05,P043,378,153,2.16
2025-01-01,W05,P047,81,24,0.2
2025-01-01,W05,P042,621,241,0.86
2025-01-01,W05,P028,899,248,2.9
2025-01-01,W05,P032,788,151,12.78
2025-01-01,W05,P038,375,85,0.66
2025-01-01,W05,P033,97,22,0.21
2025-01-01,W05,P012,385,103,2.31
2025-01-01,W05,P029,834,292,4.54
2025-01-01,W05,P008,78,20,0.46
2025-01-01,W05,P024,720,161,1.18
2025-01-01,W05,P035,170,38,1.88
2025-01-01,W05,P053,188,50,0.92
2025-01-01,W05,P009,573,205,3.87
2025-01-01,W05,P052,609,197,3.33
2025-01-01,W05,P051,328,126,0.51
2025-01-01,W05,P048,315,90,2.36
2025-01-01,W05,P021,484,172,1.18
2025-01-01,W05,P027,209,38,1.09
2025-01-01,W05,P017,795,240,1.12
2025-01-01,W05,P046,426,150,0.61
2025-01-01,W05,P018,32,20,0.05
2025-01-01,W05,P054,695,274,1.08
2025-01-01,W05,P022,186,68,0.35
2025-01-01,W05,P030,724,249,2.81
2025-01-01,W05,P004,492,91,2.88
2025-01-01,W05,P037,342,111,0.61
2025-01-01,W05,P015,306,74,0.46
2025-01-01,W05,P014,533,203,5.86
2025-01-01,W05,P023,388,119,1.15
2025-01-01,W05,P013,633,265,1.92
2025-01-01,W06,P043,892,195,1.81
2025-01-01,W06,P035,794,164,1.55
2025-01-01,W06,P037,794,247,1.46
2025-01-01,W06,P021,825,156,2.77
2025-01-01,W06,P060,877,187,1.4
2025-01-01,W06,P003,232,57,2.49
2025-01-01,W06,P053,773,334,1.3
2025-01-01,W06,P019,334,60,1.13
2025-01-01,W06,P023,788,293,1.25
2025-01-01,W06,P030,211,72,1.32
2025-01-01,W06,P036,44,20,0.12
2025-01-01,W06,P044,0,232,0.0
2025-01-01,W06,P017,290,61,0.69
2025-01-01,W06,P055,150,30,0.24
2025-01-01,W06,P047,660,220,3.65
2025-01-01,W06,P010,632,251,4.22
2025-01-01,W06,P042,588,219,0.85
2025-01-01,W06,P029,201,61,0.73
2025-01-01,W06,P032,344,76,1.92
2025-01-01,W06,P049,468,208,1.66
2025-01-01,W06,P002,446,195,4.62
2025-01-01,W06,P040,396,146,0.91
2025-01-01,W06,P006,646,286,2.98
2025-01-01,W06,P007,707,186,1.23
2025-01-01,W06,P039,567,105,1.01
2025-01-01,W06,P018,419,113,0.82
2025-01-01,W06,P056,463,129,2.12
2025-01-01,W06,P046,399,143,0.54
2025-01-01,W06,P045,871,188,3.59
2025-01-01,W06,P014,81,21,0.12
2025-01-01,W06,P038,278,79,0.91
2025-01-01,W06,P050,547,208,1.5
2025-01-01,W06,P022,840,351,2.06
2025-01-01,W06,P015,474,140,1.84
2025-01-01,W06,P052,204,91,0.33
2025-01-01,W06,P020,466,165,0.65
2025-01-01,W06,P028,886,283,2.42
2025-01-01,W06,P059,143,47,0.52
2025-01-01,W06,P011,347,104,0.68
2025-01-01,W06,P001,488,184,0.71
2025-01-01,W06,P041,772,220,1.07
2025-01-01,W06,P027,667,157,1.69
2025-01-01,W06,P054,88,31,0.12
2025-01-01,W06,P026,865,381,1.21
2025-01-01,W06,P051,794,150,4.91
2025-01-01,W06,P024,132,48,0.2
2025-01-01,W06,P057,347,125,0.55
2025-01-01,W06,P004,809,255,1.94
2025-01-01,W06,P008,725,201,1.06
2025-01-01,W06,P034,109,39,1.78
2025-01-01,W06,P048,690,293,6.15
2025-01-01,W06,P033,567,107,0.86
2025-01-01,W06,P016,741,329,1.1
2025-01-01,W06,P005,273,78,0.73
2025-01-01,W06,P009,590,183,1.39
2025-01-01,W06,P012,253,88,0.49
2025-01-01,W06,P025,787,154,5.79
2025-01-01,W06,P031,526,198,0.84
2025-01-01,W06,P058,289,53,1.51
2025-01-01,W06,P013,0,20,0.0
2025-01-01,W07,P055,662,243,2.45
2025-01-01,W07,P012,576,217,0.96
2025-01-01,W07,P037,136,41,0.22
2025-01-01,W07,P046,248,102,0.72
2025-01-01,W07,P039,79,30,0.14
2025-01-01,W07,P036,828,264,1.99
2025-01-01,W07,P045,363,135,1.04
2025-01-01,W07,P030,184,77,2.91
2025-01-01,W07,P010,672,280,3.02
2025-01-01,W07,P020,647,288,3.27
2025-01-01,W07,P016,548,219,1.54
2025-01-01,W07,P035,477,171,1.73
2025-01-01,W07,P018,314,76,1.28
2025-01-01,W07,P031,654,250,2.67
2025-01-01,W07,P005,697,161,1.68
2025-01-01,W07,P006,423,94,0.61
2025-01-01,W07,P042,214,90,0.33
2025-01-01,W07,P056,658,145,1.47
2025-01-01,W07,P011,239,103,0.85
2025-01-01,W07,P003,719,245,1.06
2025-01-01,W07,P026,0,76,0.0
2025-01-01,W07,P028,506,114,0.97
2025-01-01,W07,P059,808,311,1.21
2025-01-01,W07,P025,801,279,7.0
2025-01-01,W07,P004,121,54,0.17
2025-01-01,W07,P050,481,103,1.81
2025-01-01,W07,P032,63,23,0.1
2025-01-01,W07,P041,752,151,1.4
2025-01-01,W07,P015,527,95,0.89
2025-01-01,W07,P007,635,205,2.57
2025-01-01,W07,P024,189,73,0.28
2025-01-01,W07,P048,836,268,1.53
2025-01-01,W07,P013,122,42,0.27
2025-01-01,W07,P044,496,151,1.21
2025-01-01,W07,P033,552,106,0.81
2025-01-01,W07,P060,759,327,1.47
2025-01-01,W07,P040,74,21,0.43
2025-01-01,W07,P027,92,24,0.47
2025-01-01,W07,P014,319,87,0.55
2025-01-01,W07,P008,509,144,0.84
2025-01-01,W07,P043,289,86,0.6
2025-01-01,W07,P052,168,59,0.32
2025-01-01,W07,P029,353,101,0.61
2025-01-01,W07,P057,418,88,0.71
2025-01-01,W07,P017,384,83,2.96
2025-01-01,W07,P022,179,46,0.28
2025-01-01,W07,P053,211,44,0.93
2025-01-01,W07,P023,214,74,0.61
2025-01-01,W07,P038,867,175,2.16
2025-01-01,W07,P019,95,35,0.45
2025-01-01,W07,P054,365,80,0.5
2025-01-01,W07,P034,43,20,0.06
2025-01-01,W07,P049,422,142,0.96
2025-01-01,W07,P058,880,220,11.5
2025-01-01,W07,P051,731,314,1.52
2025-01-01,W07,P002,735,147,2.37
2025-01-01,W07,P009,757,160,1.52
2025-01-01,W07,P001,712,142,1.38
2025-01-01,W07,P021,420,130,1.95
2025-01-01,W07,P047,568,189,0.99
2025-01-01,W08,P003,245,101,1.16
2025-01-01,W08,P050,612,265,1.36
2025-01-01,W08,P001,415,160,1.35
2025-01-01,W08,P014,306,64,0.69
2025-01-01,W08,P053,708,171,4.11
2025-01-01,W08,P020,465,87,0.71
2025-01-01,W08,P058,290,115,0.44
2025-01-01,W08,P059,165,39,1.2
2025-01-01,W08,P052,837,239,1.13
2025-01-01,W08,P033,54,20,0.13
2025-01-01,W08,P036,696,263,9.31
2025-01-01,W08,P004,109,39,0.26
2025-01-01,W08,P040,294,99,0.82
2025-01-01,W08,P037,746,176,1.94
2025-01-01,W08,P051,395,141,1.04
2025-01-01,W08,P048,663,122,1.01
2025-01-01,W08,P027,260,54,3.08
2025-01-01,W08,P022,432,114,3.64
2025-01-01,W08,P054,430,106,1.17
2025-01-01,W08,P046,801,224,2.01
2025-01-01,W08,P043,0,20,0.0
2025-01-01,W08,P017,462,130,4.28
2025-01-01,W08,P055,547,124,1.02
2025-01-01,W08,P019,807,269,1.31
2025-01-01,W08,P045,444,160,1.89
2025-01-01,W08,P006,381,122,1.31
2025-01-01,W08,P047,886,393,14.66
2025-01-01,W08,P023,845,352,5.58
2025-01-01,W08,P016,54,20,0.1
2025-01-01,W08,P035,445,198,0.74
2025-01-01,W08,P018,599,219,3.92
2025-01-01,W08,P044,166,32,0.51
2025-01-01,W08,P034,113,38,0.43
2025-01-01,W08,P056,830,249,1.43
2025-01-01,W08,P010,79,20,0.19
2025-01-01,W08,P041,33,20,0.14
2025-01-01,W08,P042,883,270,4.3
2025-01-01,W08,P005,203,58,0.29
2025-01-01,W08,P025,754,198,1.05
2025-01-01,W08,P007,479,168,0.96
2025-01-01,W08,P028,87,20,0.29
2025-01-01,W08,P012,30,20,0.21
2025-01-01,W08,P032,75,33,0.1
2025-01-01,W08,P009,485,177,0.74
2025-01-01,W08,P060,265,76,0.59
2025-01-01,W08,P002,338,106,0.52
2025-01-01,W08,P021,246,100,0.84
2025-01-01,W08,P030,628,118,1.55
2025-01-01,W08,P024,76,20,0.9
2025-01-01,W08,P008,751,156,1.62
2025-01-01,W08,P049,530,203,4.39
2025-01-01,W08,P057,843,371,1.14
2025-01-01,W08,P026,169,32,0.5
2025-01-01,W08,P011,598,161,3.18
2025-01-01,W08,P013,615,121,5.48
2025-01-01,W08,P015,834,199,4.25
2025-01-01,W08,P029,463,109,0.75
2025-01-01,W08,P039,654,178,8.88
2025-01-01,W08,P038,369,145,0.9
2025-01-01,W08,P031,158,69,0.21
2025-02-01,W01,P044,893,378,1.81
2025-02-01,W01,P013,377,73,0.57
2025-02-01,W01,P005,390,167,0.58
2025-02-01,W01,P057,754,288,2.52
2025-02-01,W01,P020,895,215,1.34
2025-02-01,W01,P056,496,111,0.74
2025-02-01,W01,P054,696,238,2.6
2025-02-01,W01,P024,351,125,1.2
2025-02-01,W01,P004,816,178,1.6
2025-02-01,W01,P041,490,201,2.46
2025-02-01,W01,P014,340,145,0.76
2025-02-01,W01,P019,421,82,1.03
2025-02-01,W01,P015,236,49,1.15
2025-02-01,W01,P008,236,91,2.77
2025-02-01,W01,P037,767,295,2.31
2025-02-01,W01,P026,96,30,0.2
2025-02-01,W01,P023,135,40,0.21
2025-02-01,W01,P027,173,44,0.54
2025-02-01,W01,P009,206,64,0.66
2025-02-01,W01,P016,96,35,0.21
2025-02-01,W01,P012,851,302,4.84
2025-02-01,W01,P034,387,165,5.28
2025-02-01,W01,P058,633,133,1.35
2025-02-01,W01,P001,677,127,1.6
2025-02-01,W01,P047,735,149,2.68
2025-02-01,W01,P038,683,229,2.22
2025-02-01,W01,P042,656,151,1.05
2025-02-01,W01,P002,248,48,0.35
2025-02-01,W01,P028,296,53,3.66
2025-02-01,W01,P055,701,215,1.66
2025-02-01,W01,P039,631,194,1.6
2025-02-01,W01,P010,294,109,0.45
2025-02-01,W01,P031,176,35,0.49
2025-02-01,W01,P011,866,275,1.38
2025-02-01,W01,P059,485,125,5.88
2025-02-01,W01,P052,733,228,1.59
2025-02-01,W01,P007,422,184,1.11
2025-02-01,W01,P033,654,186,2.3
2025-02-01,W01,P022,287,72,0.79
2025-02-01,W01,P018,497,190,1.99
2025-02-01,W01,P030,246,84,0.95
2025-02-01,W01,P048,819,357,1.57
2025-02-01,W01,P050,726,276,2.61
2025-02-01,W01,P049,131,55,0.48
2025-02-01,W01,P040,807,235,1.37
2025-02-01,W01,P045,648,269,5.84
2025-02-01,W01,P003,362,105,0.78
2025-02-01,W01,P017,308,99,0.52
2025-02-01,W01,P025,117,44,0.4
2025-02-01,W01,P053,474,99,0.84
2025-02-01,W01,P032,602,192,1.02
2025-02-01,W01,P051,410,112,1.36
2025-02-01,W01,P006,172,45,2.54
2025-02-01,W01,P046,803,157,1.49
2025-02-01,W01,P021,177,62,0.7
2025-02-01,W01,P036,320,110,0.83
2025-02-01,W01,P043,90,34,0.23
2025-02-01,W01,P060,839,250,1.77
2025-02-01,W01,P035,652,190,1.08
2025-02-01,W01,P029,731,239,2.08
2025-02-01,W02,P059,780,216,1.14
2025-02-01,W02,P058,133,58,0.28
2025-02-01,W02,P025,876,306,8.08
2025-02-01,W02,P011,731,171,2.73
2025-02-01,W02,P055,452,200,3.38
2025-02-01,W02,P052,741,148,3.29
2025-02-01,W02,P003,493,125,1.03
2025-02-01,W02,P050,594,165,6.23
2025-02-01,W02,P020,151,61,0.36
2025-02-01,W02,P019,779,203,5.62
2025-02-01,W02,P023,644,267,1.56
2025-02-01,W02,P010,881,194,3.88
2025-02-01,W02,P015,373,164,1.53
2025-02-01,W02,P042,799,256,1.35
2025-02-01,W02,P024,59,20,0.09
2025-02-01,W02,P060,156,36,0.38
2025-02-01,W02,P035,36,20,0.05
2025-02-01,W02,P048,315,68,1.35
2025-02-01,W02,P013,111,24,0.41
2025-02-01,W02,P005,865,240,1.96
2025-02-01,W02,P054,497,194,0.89
2025-02-01,W02,P031,59,20,0.44
2025-02-01,W02,P030,674,299,2.4
2025-02-01,W02,P032,887,342,10.84
2025-02-01,W02,P057,277,82,1.82
2025-02-01,W02,P029,73,20,0.24
2025-02-01,W02,P049,411,139,1.43
2025-02-01,W02,P027,429,88,4.98
2025-02-01,W02,P039,76,26,0.32
2025-02-01,W02,P051,898,305,2.47
2025-02-01,W02,P038,324,85,0.68
2025-02-01,W02,P009,839,324,1.74
2025-02-01,W02,P040,728,162,6.9
2025-02-01,W02,P017,722,139,1.36
2025-02-01,W02,P022,118,30,0.85
2025-02-01,W02,P053,271,51,0.45
2025-02-01,W02,P016,123,51,0.41
2025-02-01,W02,P056,473,142,3.12
2025-02-01,W02,P006,171,34,0.38
2025-02-01,W02,P018,53,20,0.14
2025-02-01,W02,P037,503,175,4.09
2025-02-01,W02,P002,265,70,0.38
2025-02-01,W02,P047,332,133,2.4
2025-02-01,W02,P043,618,168,1.41
2025-02-01,W02,P021,636,229,1.42
2025-02-01,W02,P007,38,20,0.24
2025-02-01,W02,P034,616,205,0.91
2025-02-01,W02,P041,787,278,1.74
2025-02-01,W02,P046,368,100,0.91
2025-02-01,W02,P033,50,20,0.08
2025-02-01,W02,P014,454,183,0.88
2025-02-01,W02,P036,798,196,1.15
2025-02-01,W02,P044,594,216,1.11
2025-02-01,W02,P045,535,237,0.92
2025-02-01,W02,P004,94,41,0.13
2025-02-01,W02,P001,431,86,2.22
2025-02-01,W02,P012,164,33,0.65
2025-02-01,W02,P028,736,193,4.03
2025-02-01,W02,P026,455,194,2.18
2025-02-01,W02,P008,625,219,2.2
2025-02-01,W03,P039,113,25,1.07
2025-02-01,W03,P006,448,121,1.18
2025-02-01,W03,P020,368,111,0.97
2025-02-01,W03,P031,107,31,0.66
2025-02-01,W03,P010,458,128,0.75
2025-02-01,W03,P003,104,43,0.23
2025-02-01,W03,P007,113,22,0.32
2025-02-01,W03,P056,670,222,1.21
2025-02-01,W03,P059,813,174,6.41
2025-02-01,W03,P033,460,148,2.62
2025-02-01,W03,P013,662,130,6.03
2025-02-01,W03,P024,763,206,1.39
2025-02-01,W03,P034,552,105,2.51
2025-02-01,W03,P021,55,20,0.22
2025-02-01,W03,P043,569,234,1.08
2025-02-01,W03,P040,485,181,1.72
2025-02-01,W03,P023,513,137,2.8
2025-02-01,W03,P057,712,311,1.33
2025-02-01,W03,P060,139,26,0.49
2025-02-01,W03,P009,520,191,1.18
2025-02-01,W03,P016,847,352,2.17
2025-02-01,W03,P018,292,87,1.37
2025-02-01,W03,P052,61,20,0.47
2025-02-01,W03,P058,417,112,0.98
2025-02-01,W03,P055,896,187,1.99
2025-02-01,W03,P047,627,254,1.04
2025-02-01,W03,P053,496,154,1.81
2025-02-01,W03,P046,841,353,3.7
2025-02-01,W03,P008,87,38,0.35
2025-02-01,W03,P011,846,205,4.11
2025-02-01,W03,P030,156,67,0.94
2025-02-01,W03,P014,711,230,1.03
2025-02-01,W03,P036,0,100,0.0
2025-02-01,W03,P015,517,209,4.74
2025-02-01,W03,P002,48,20,0.1
2025-02-01,W03,P012,703,208,2.79
2025-02-01,W03,P032,592,228,1.23
2025-02-01,W03,P026,363,77,0.9
2025-02-01,W03,P037,405,126,1.4
2025-02-01,W03,P050,758,190,8.72
2025-02-01,W03,P054,868,329,12.38
2025-02-01,W03,P041,752,150,9.38
2025-02-01,W03,P029,614,216,3.94
2025-02-01,W03,P022,702,136,2.38
2025-02-01,W03,P048,206,75,0.3
2025-02-01,W03,P051,556,156,3.55
2025-02-01,W03,P019,569,142,0.9
2025-02-01,W03,P005,572,152,1.53
2025-02-01,W03,P017,244,44,1.18
2025-02-01,W03,P045,312,87,0.43
2025-02-01,W03,P025,469,150,1.94
2025-02-01,W03,P001,570,125,2.55
2025-02-01,W03,P042,531,129,1.13
2025-02-01,W03,P028,143,46,1.46
2025-02-01,W03,P004,202,72,0.4
2025-02-01,W03,P049,280,56,0.5
2025-02-01,W03,P035,807,303,1.12
2025-02-01,W03,P044,136,43,0.41
2025-02-01,W03,P038,321,112,4.37
2025-02-01,W03,P027,843,284,2.51
2025-02-01,W04,P005,896,281,2.15
2025-02-01,W04,P018,313,93,0.54
2025-02-01,W04,P008,805,324,4.66
2025-02-01,W04,P007,639,233,0.88
2025-02-01,W04,P032,299,110,2.68
2025-02-01,W04,P050,735,270,1.68
2025-02-01,W04,P060,83,20,0.27
2025-02-01,W04,P047,630,201,5.8
2025-02-01,W04,P026,442,148,0.95
2025-02-01,W04,P036,229,96,0.6
2025-02-01,W04,P017,175,35,0.29
2025-02-01,W04,P035,822,237,3.73
2025-02-01,W04,P046,873,269,1.79
2025-02-01,W04,P029,456,122,0.8
2025-02-01,W04,P022,855,338,1.17
2025-02-01,W04,P034,873,323,3.2
2025-02-01,W04,P006,520,123,1.65
2025-02-01,W04,P025,0,322,0.0
2025-02-01,W04,P013,307,87,1.33
2025-02-01,W04,P037,873,197,2.27
2025-02-01,W04,P001,700,175,3.53
2025-02-01,W04,P048,896,360,7.07
2025-02-01,W04,P059,486,95,1.17
2025-02-01,W04,P012,101,23,0.63
2025-02-01,W04,P009,338,126,0.5
2025-02-01,W04,P004,469,113,1.06
2025-02-01,W04,P023,706,148,0.96
2025-02-01,W04,P057,295,123,1.15
2025-02-01,W04,P031,63,22,0.15
2025-02-01,W04,P053,232,66,0.33
2025-02-01,W04,P003,563,118,1.39
2025-02-01,W04,P051,704,194,5.7
2025-02-01,W04,P014,712,147,1.0
2025-02-01,W04,P019,33,20,0.07
2025-02-01,W04,P054,673,179,0.98
2025-02-01,W04,P056,757,296,1.99
2025-02-01,W04,P020,450,90,0.73
2025-02-01,W04,P040,866,372,9.96
2025-02-01,W04,P021,477,116,1.83
2025-02-01,W04,P043,554,144,6.54
2025-02-01,W04,P015,438,82,1.45
2025-02-01,W04,P028,383,86,5.75
2025-02-01,W04,P002,466,124,0.68
2025-02-01,W04,P016,232,66,0.31
2025-02-01,W04,P041,699,172,1.0
2025-02-01,W04,P024,487,131,2.8
2025-02-01,W04,P042,350,92,2.58
2025-02-01,W04,P030,719,307,2.74
2025-02-01,W04,P045,734,160,3.26
2025-02-01,W04,P038,358,131,0.5
2025-02-01,W04,P011,339,114,0.67
2025-02-01,W04,P027,326,86,1.61
2025-02-01,W04,P055,461,184,1.22
2025-02-01,W04,P010,263,77,0.35
2025-02-01,W04,P039,356,114,0.74
2025-02-01,W04,P058,135,58,0.25
2025-02-01,W04,P052,360,94,2.29
2025-02-01,W04,P044,444,89,1.35
2025-02-01,W04,P033,573,184,0.9
2025-02-01,W04,P049,321,109,0.44
2025-02-01,W05,P020,853,191,3.21
2025-02-01,W05,P041,205,47,0.35
2025-02-01,W05,P023,418,124,1.18
2025-02-01,W05,P050,376,167,0.79
2025-02-01,W05,P038,736,205,1.16
2025-02-01,W05,P022,778,339,3.89
2025-02-01,W05,P012,672,165,1.56
2025-02-01,W05,P008,537,141,1.0
2025-02-01,W05,P045,123,26,1.6
2025-02-01,W05,P051,154,52,0.26
2025-02-01,W05,P017,768,265,4.83
2025-02-01,W05,P053,266,93,2.05
2025-02-01,W05,P016,221,82,0.32
2025-02-01,W05,P057,429,157,0.81
2025-02-01,W05,P004,164,63,0.43
2025-02-01,W05,P044,444,156,0.99
2025-02-01,W05,P005,563,210,6.55
2025-02-01,W05,P036,182,50,0.63
2025-02-01,W05,P018,238,60,1.03
2025-02-01,W05,P001,325,62,0.46
2025-02-01,W05,P056,227,52,0.42
2025-02-01,W05,P060,234,74,0.87
2025-02-01,W05,P031,86,24,0.42
2025-02-01,W05,P047,355,85,1.02
2025-02-01,W05,P021,100,35,0.2
2025-02-01,W05,P030,421,81,0.69
2025-02-01,W05,P054,74,28,0.14
2025-02-01,W05,P029,317,82,2.2
2025-02-01,W05,P034,662,295,2.1
2025-02-01,W05,P058,507,107,0.68
2025-02-01,W05,P033,784,156,1.3
2025-02-01,W05,P010,0,121,0.0
2025-02-01,W05,P006,746,222,1.34
2025-02-01,W05,P048,650,276,2.65
2025-02-01,W05,P025,34,20,0.05
2025-02-01,W05,P043,199,41,1.18
2025-02-01,W05,P015,336,82,0.96
2025-02-01,W05,P027,337,142,1.3
2025-02-01,W05,P011,164,56,1.75
2025-02-01,W05,P042,787,309,1.09
2025-02-01,W05,P002,161,44,1.15
2025-02-01,W05,P032,205,47,0.92
2025-02-01,W05,P003,515,201,0.74
2025-02-01,W05,P040,309,70,0.51
2025-02-01,W05,P037,78,20,0.28
2025-02-01,W05,P039,97,33,0.13
2025-02-01,W05,P028,384,135,2.22
2025-02-01,W05,P013,187,44,0.37
2025-02-01,W05,P059,672,233,0.9
2025-02-01,W05,P049,243,103,0.44
2025-02-01,W05,P055,413,127,0.88
2025-02-01,W05,P046,288,64,0.46
2025-02-01,W05,P026,772,299,2.69
2025-02-01,W05,P009,660,267,1.42
2025-02-01,W05,P024,264,103,0.71
2025-02-01,W05,P035,642,261,1.05
2025-02-01,W05,P014,292,104,1.35
2025-02-01,W05,P007,556,129,1.84
2025-02-01,W05,P019,60,25,0.11
2025-02-01,W05,P052,567,111,2.5
2025-02-01,W06,P013,707,226,1.51
2025-02-01,W06,P029,139,41,0.19
2025-02-01,W06,P018,588,202,0.95
2025-02-01,W06,P024,512,172,2.76
2025-02-01,W06,P022,594,217,1.75
2025-02-01,W06,P046,894,381,1.36
2025-02-01,W06,P055,350,69,1.19
2025-02-01,W06,P054,146,58,0.24
2025-02-01,W06,P003,178,79,0.24
2025-02-01,W06,P009,872,342,4.22
2025-02-01,W06,P002,527,157,2.45
2025-02-01,W06,P031,728,282,1.24
2025-02-01,W06,P040,430,161,0.75
2025-02-01,W06,P030,144,42,0.32
2025-02-01,W06,P039,610,225,2.43
2025-02-01,W06,P038,459,142,1.45
2025-02-01,W06,P026,523,123,1.11
2025-02-01,W06,P042,895,277,3.7
2025-02-01,W06,P036,578,223,1.38
2025-02-01,W06,P044,806,193,3.65
2025-02-01,W06,P047,747,159,1.97
2025-02-01,W06,P059,637,132,0.92
2025-02-01,W06,P021,463,187,0.84
2025-02-01,W06,P012,643,150,1.21
2025-02-01,W06,P008,877,217,11.38
2025-02-01,W06,P049,708,147,1.98
2025-02-01,W06,P032,819,157,1.13
2025-02-01,W06,P060,315,104,0.61
2025-02-01,W06,P057,805,338,10.2
2025-02-01,W06,P027,786,150,1.15
2025-02-01,W06,P007,774,153,3.04
2025-02-01,W06,P056,267,101,0.36
2025-02-01,W06,P053,518,151,2.64
2025-02-01,W06,P033,464,167,0.79
2025-02-01,W06,P017,559,160,3.12
2025-02-01,W06,P051,576,228,0.78
2025-02-01,W06,P050,704,192,2.42
2025-02-01,W06,P028,339,111,0.62
2025-02-01,W06,P010,786,152,2.1
2025-02-01,W06,P016,170,71,0.55
2025-02-01,W06,P041,508,152,1.6
2025-02-01,W06,P048,82,36,0.83
2025-02-01,W06,P025,77,33,0.14
2025-02-01,W06,P014,220,86,0.3
2025-02-01,W06,P015,164,53,1.92
2025-02-01,W06,P043,625,165,0.9
2025-02-01,W06,P037,455,183,1.06
2025-02-01,W06,P004,251,74,0.82
2025-02-01,W06,P020,821,217,3.57
2025-02-01,W06,P045,761,253,1.44
2025-02-01,W06,P005,864,265,1.35
2025-02-01,W06,P058,805,147,5.46
2025-02-01,W06,P035,632,176,0.89
2025-02-01,W06,P011,66,20,0.5
2025-02-01,W06,P019,186,72,0.54
2025-02-01,W06,P006,839,268,2.24
2025-02-01,W06,P023,533,151,0.92
2025-02-01,W06,P001,162,44,0.49
2025-02-01,W06,P034,228,61,0.48
2025-02-01,W06,P052,472,160,0.75
2025-02-01,W07,P013,344,92,0.51
2025-02-01,W07,P060,454,118,0.62
2025-02-01,W07,P032,623,186,1.53
2025-02-01,W07,P048,878,324,1.27
2025-02-01,W07,P030,700,275,1.26
2025-02-01,W07,P041,391,129,4.52
2025-02-01,W07,P036,277,63,0.42
2025-02-01,W07,P022,88,23,0.12
2025-02-01,W07,P037,479,156,0.85
2025-02-01,W07,P018,551,240,0.81
2025-02-01,W07,P058,229,98,0.39
2025-02-01,W07,P016,712,135,3.9
2025-02-01,W07,P023,49,20,0.13
2025-02-01,W07,P044,42,20,0.12
2025-02-01,W07,P002,0,51,0.0
2025-02-01,W07,P038,615,146,3.28
2025-02-01,W07,P043,45,20,0.13
2025-02-01,W07,P017,186,57,0.35
2025-02-01,W07,P025,323,66,0.45
2025-02-01,W07,P033,467,144,1.66
2025-02-01,W07,P019,636,181,0.98
2025-02-01,W07,P045,637,277,1.83
2025-02-01,W07,P047,516,187,0.72
2025-02-01,W07,P053,385,154,1.78
2025-02-01,W07,P028,83,21,0.13
2025-02-01,W07,P034,545,171,1.1
2025-02-01,W07,P052,333,113,0.52
2025-02-01,W07,P001,83,20,0.72
2025-02-01,W07,P029,626,256,1.01
2025-02-01,W07,P056,98,20,0.3
2025-02-01,W07,P050,480,127,0.76
2025-02-01,W07,P020,830,251,1.24
2025-02-01,W07,P055,83,25,0.13
2025-02-01,W07,P010,562,134,1.46
2025-02-01,W07,P015,776,201,7.24
2025-02-01,W07,P035,369,141,1.09
2025-02-01,W07,P012,702,168,1.94
2025-02-01,W07,P014,659,129,3.1
2025-02-01,W07,P024,205,78,0.54
2025-02-01,W07,P040,509,114,1.52
2025-02-01,W07,P003,260,67,0.41
2025-02-01,W07,P049,126,56,0.69
2025-02-01,W07,P009,153,52,0.36
2025-02-01,W07,P006,144,34,1.06
2025-02-01,W07,P054,0,160,0.0
2025-02-01,W07,P026,345,112,2.78
2025-02-01,W07,P027,59,21,0.34
2025-02-01,W07,P059,670,218,4.55
2025-02-01,W07,P039,388,81,3.64
2025-02-01,W07,P042,225,72,0.5
2025-02-01,W07,P008,829,219,1.22
2025-02-01,W07,P046,790,323,1.89
2025-02-01,W07,P011,398,90,0.53
2025-02-01,W07,P005,280,111,1.07
2025-02-01,W07,P057,790,172,1.6
2025-02-01,W07,P051,341,117,0.61
2025-02-01,W07,P031,424,93,0.97
2025-02-01,W07,P021,43,20,0.1
2025-02-01,W07,P007,715,263,1.74
2025-02-01,W07,P004,597,133,1.82
2025-02-01,W08,P053,515,129,1.11
2025-02-01,W08,P024,416,122,5.49
2025-02-01,W08,P005,850,168,2.63
2025-02-01,W08,P006,578,239,0.89
2025-02-01,W08,P050,148,41,1.76
2025-02-01,W08,P054,785,164,6.52
2025-02-01,W08,P051,82,23,0.15
2025-02-01,W08,P008,368,114,0.89
2025-02-01,W08,P021,125,32,0.19
2025-02-01,W08,P017,618,194,2.7
2025-02-01,W08,P030,270,116,0.61
2025-02-01,W08,P046,534,177,2.88
2025-02-01,W08,P043,403,125,0.64
2025-02-01,W08,P048,394,147,0.54
2025-02-01,W08,P001,562,245,0.94
2025-02-01,W08,P007,843,284,4.0
2025-02-01,W08,P018,306,119,0.49
2025-02-01,W08,P010,80,21,0.13
2025-02-01,W08,P009,253,66,0.74
2025-02-01,W08,P003,506,158,1.12
2025-02-01,W08,P025,626,120,2.74
2025-02-01,W08,P058,808,351,1.28
2025-02-01,W08,P033,696,217,2.95
2025-02-01,W08,P014,64,24,0.09
2025-02-01,W08,P039,50,20,0.25
2025-02-01,W08,P032,517,164,1.1
2025-02-01,W08,P031,524,191,1.31
2025-02-01,W08,P059,359,91,2.92
2025-02-01,W08,P041,557,119,0.78
2025-02-01,W08,P015,289,94,3.6
2025-02-01,W08,P004,242,79,0.95
2025-02-01,W08,P040,652,240,1.14
2025-02-01,W08,P022,248,97,0.83
2025-02-01,W08,P042,656,177,3.73
2025-02-01,W08,P060,732,303,1.11
2025-02-01,W08,P029,329,104,0.45
2025-02-01,W08,P057,175,44,0.31
2025-02-01,W08,P055,481,190,0.87
2025-02-01,W08,P019,138,53,1.24
2025-02-01,W08,P035,660,256,1.22
2025-02-01,W08,P028,646,171,2.02
2025-02-01,W08,P023,589,220,2.58
2025-02-01,W08,P011,91,24,0.14
2025-02-01,W08,P027,240,47,0.4
2025-02-01,W08,P044,358,70,1.63
2025-02-01,W08,P049,560,217,1.01
2025-02-01,W08,P013,827,299,1.41
2025-02-01,W08,P045,513,172,0.83
2025-02-01,W08,P038,793,259,1.44
2025-02-01,W08,P034,108,48,0.53
2025-02-01,W08,P002,147,48,0.45
2025-02-01,W08,P056,240,69,3.46
2025-02-01,W08,P052,478,197,0.69
2025-02-01,W08,P020,269,54,0.73
2025-02-01,W08,P036,316,67,1.04
2025-02-01,W08,P016,513,203,2.32
2025-02-01,W08,P012,508,174,1.57
2025-02-01,W08,P047,423,90,5.65
2025-02-01,W08,P037,57,20,0.19
2025-02-01,W08,P026,887,233,1.23
2025-03-01,W01,P032,739,219,1.15
2025-03-01,W01,P012,701,300,1.04
2025-03-01,W01,P006,702,237,0.99
2025-03-01,W01,P051,838,305,4.96
2025-03-01,W01,P024,836,158,4.2
2025-03-01,W01,P054,246,79,0.57
2025-03-01,W01,P031,817,343,1.1
2025-03-01,W01,P035,43,20,0.08
2025-03-01,W01,P055,111,37,0.54
2025-03-01,W01,P033,227,79,0.41
2025-03-01,W01,P011,159,42,0.84
2025-03-01,W01,P010,426,115,1.51
2025-03-01,W01,P017,371,164,0.52
2025-03-01,W01,P043,484,215,1.55
2025-03-01,W01,P009,798,227,3.53
2025-03-01,W01,P050,742,300,2.26
2025-03-01,W01,P019,426,148,2.63
2025-03-01,W01,P041,666,230,8.92
2025-03-01,W01,P027,678,272,1.52
2025-03-01,W01,P052,820,160,2.54
2025-03-01,W01,P020,751,150,1.11
2025-03-01,W01,P025,779,157,12.95
2025-03-01,W01,P005,763,287,2.18
2025-03-01,W01,P047,437,103,0.78
2025-03-01,W01,P028,770,331,5.37
2025-03-01,W01,P003,417,172,0.82
2025-03-01,W01,P026,50,20,0.1
2025-03-01,W01,P007,387,141,1.17
2025-03-01,W01,P058,845,189,1.16
2025-03-01,W01,P008,0,150,0.0
2025-03-01,W01,P016,326,78,0.45
2025-03-01,W01,P046,293,112,0.95
2025-03-01,W01,P040,873,315,1.98
2025-03-01,W01,P001,212,71,1.9
2025-03-01,W01,P023,692,232,0.93
2025-03-01,W01,P029,606,218,1.27
2025-03-01,W01,P037,547,216,1.36
2025-03-01,W01,P022,451,136,0.62
2025-03-01,W01,P034,872,173,2.84
2025-03-01,W01,P042,481,190,5.88
2025-03-01,W01,P030,699,193,4.92
2025-03-01,W01,P057,122,34,0.19
2025-03-01,W01,P038,51,20,0.09
2025-03-01,W01,P053,723,149,1.15
2025-03-01,W01,P004,413,155,0.92
2025-03-01,W01,P021,484,138,0.72
2025-03-01,W01,P048,148,66,0.24
2025-03-01,W01,P039,810,296,2.99
2025-03-01,W01,P036,244,76,0.42
2025-03-01,W01,P002,592,187,1.23
2025-03-01,W01,P014,565,196,0.77
2025-03-01,W01,P060,75,28,0.16
2025-03-01,W01,P059,363,106,2.32
2025-03-01,W01,P045,787,150,1.23
2025-03-01,W01,P049,201,57,0.27
2025-03-01,W01,P018,534,234,0.84
2025-03-01,W01,P015,541,225,1.24
2025-03-01,W01,P056,539,238,5.61
2025-03-01,W01,P044,477,175,0.87
2025-03-01,W01,P013,258,102,0.63
2025-03-01,W02,P007,323,77,1.15
2025-03-01,W02,P019,536,112,1.06
2025-03-01,W02,P044,537,98,1.16
2025-03-01,W02,P016,209,89,0.87
2025-03-01,W02,P003,342,131,0.77
2025-03-01,W02,P054,425,119,1.13
2025-03-01,W02,P030,792,290,1.47
2025-03-01,W02,P032,475,106,0.86
2025-03-01,W02,P021,206,89,0.6
2025-03-01,W02,P012,204,67,0.7
2025-03-01,W02,P002,516,171,0.73
2025-03-01,W02,P014,449,124,2.7
2025-03-01,W02,P042,563,194,0.96
2025-03-01,W02,P048,696,218,3.89
2025-03-01,W02,P056,260,66,1.73
2025-03-01,W02,P058,792,169,1.46
2025-03-01,W02,P004,569,110,1.19
2025-03-01,W02,P026,786,210,2.22
2025-03-01,W02,P025,461,115,0.7
2025-03-01,W02,P039,586,262,1.49
2025-03-01,W02,P059,268,52,1.43
2025-03-01,W02,P043,322,121,0.51
2025-03-01,W02,P046,277,91,0.41
2025-03-01,W02,P036,187,70,0.27
2025-03-01,W02,P009,434,111,0.63
2025-03-01,W02,P034,856,299,1.24
2025-03-01,W02,P052,272,63,0.48
2025-03-01,W02,P027,313,69,3.12
2025-03-01,W02,P057,864,211,1.37
2025-03-01,W02,P023,574,133,6.09
2025-03-01,W02,P024,564,137,1.47
2025-03-01,W02,P040,0,108,0.0
2025-03-01,W02,P033,523,102,0.91
2025-03-01,W02,P011,406,109,3.36
2025-03-01,W02,P060,682,267,3.26
2025-03-01,W02,P001,362,117,1.53
2025-03-01,W02,P041,695,217,3.64
2025-03-01,W02,P055,207,37,0.45
2025-03-01,W02,P005,341,132,0.93
2025-03-01,W02,P018,201,67,0.58
2025-03-01,W02,P037,824,176,2.25
2025-03-01,W02,P053,90,20,0.59
2025-03-01,W02,P015,849,359,1.26
2025-03-01,W02,P047,778,223,1.51
2025-03-01,W02,P050,808,294,2.83
2025-03-01,W02,P038,156,49,0.22
2025-03-01,W02,P035,247,81,0.58
2025-03-01,W02,P017,776,214,3.36
2025-03-01,W02,P031,372,166,0.77
2025-03-01,W02,P029,278,113,2.02
2025-03-01,W02,P010,892,179,1.82
2025-03-01,W02,P020,157,66,0.23
2025-03-01,W02,P051,697,199,1.86
2025-03-01,W02,P028,550,186,1.71
2025-03-01,W02,P006,738,291,1.32
2025-03-01,W02,P045,176,74,0.95
2025-03-01,W02,P013,108,30,0.43
2025-03-01,W02,P008,884,219,6.46
2025-03-01,W02,P022,250,63,0.62
2025-03-01,W02,P049,500,154,0.78
2025-03-01,W03,P032,0,198,0.0
2025-03-01,W03,P036,887,372,1.61
2025-03-01,W03,P029,454,125,1.01
2025-03-01,W03,P025,804,228,3.45
2025-03-01,W03,P007,778,338,1.68
2025-03-01,W03,P050,212,63,0.59
2025-03-01,W03,P037,465,128,2.45
2025-03-01,W03,P055,0,152,0.0
2025-03-01,W03,P011,536,127,1.03
2025-03-01,W03,P060,779,313,1.57
2025-03-01,W03,P027,0,64,0.0
2025-03-01,W03,P020,385,111,0.58
2025-03-01,W03,P057,784,280,1.23
2025-03-01,W03,P048,843,365,2.28
2025-03-01,W03,P058,456,171,1.84
2025-03-01,W03,P010,849,273,1.45
2025-03-01,W03,P053,397,171,0.55
2025-03-01,W03,P046,665,160,2.02
2025-03-01,W03,P059,278,104,0.62
2025-03-01,W03,P009,800,161,6.83
2025-03-01,W03,P019,782,338,6.66
2025-03-01,W03,P013,766,158,3.43
2025-03-01,W03,P026,435,93,0.82
2025-03-01,W03,P016,820,251,9.73
2025-03-01,W03,P012,141,33,0.28
2025-03-01,W03,P004,298,84,1.16
2025-03-01,W03,P001,778,197,3.25
2025-03-01,W03,P051,722,185,8.82
2025-03-01,W03,P015,284,60,0.51
2025-03-01,W03,P049,611,131,6.89
2025-03-01,W03,P043,703,312,0.95
2025-03-01,W03,P030,670,202,7.14
2025-03-01,W03,P038,737,183,1.45
2025-03-01,W03,P008,601,269,2.75
2025-03-01,W03,P023,521,210,1.25
2025-03-01,W03,P045,387,159,1.73
2025-03-01,W03,P024,37,20,0.15
2025-03-01,W03,P014,779,270,5.42
2025-03-01,W03,P022,342,75,0.68
2025-03-01,W03,P005,47,20,0.06
2025-03-01,W03,P035,640,168,5.08
2025-03-01,W03,P039,578,148,6.37
2025-03-01,W03,P044,703,297,4.14
2025-03-01,W03,P003,100,20,0.22
2025-03-01,W03,P056,193,63,1.19
2025-03-01,W03,P034,65,24,0.11
2025-03-01,W03,P052,513,152,0.74
2025-03-01,W03,P006,732,162,1.06
2025-03-01,W03,P021,558,146,0.84
2025-03-01,W03,P042,368,67,0.81
2025-03-01,W03,P033,98,31,0.18
2025-03-01,W03,P047,818,153,1.81
2025-03-01,W03,P054,442,194,0.75
2025-03-01,W03,P002,640,280,3.39
2025-03-01,W03,P018,439,88,0.59
2025-03-01,W03,P031,888,323,2.0
2025-03-01,W03,P041,622,203,1.06
2025-03-01,W03,P017,669,122,1.11
2025-03-01,W03,P028,120,27,0.18
2025-03-01,W03,P040,530,198,3.79
2025-03-01,W04,P013,252,92,0.46
2025-03-01,W04,P054,299,114,1.1
2025-03-01,W04,P024,202,36,0.5
2025-03-01,W04,P006,631,173,1.29
2025-03-01,W04,P021,765,281,1.45
2025-03-01,W04,P038,232,74,0.34
2025-03-01,W04,P033,806,328,1.63
2025-03-01,W04,P014,109,38,0.26
2025-03-01,W04,P005,852,252,1.85
2025-03-01,W04,P037,806,238,2.11
2025-03-01,W04,P003,84,20,0.43
2025-03-01,W04,P043,207,81,0.7
2025-03-01,W04,P048,481,157,3.78
2025-03-01,W04,P031,826,349,2.91
2025-03-01,W04,P004,646,279,4.32
2025-03-01,W04,P039,738,206,1.0
2025-03-01,W04,P051,70,31,0.12
2025-03-01,W04,P060,202,41,0.43
2025-03-01,W04,P055,371,128,0.52
2025-03-01,W04,P011,533,109,4.51
2025-03-01,W04,P027,0,20,0.0
2025-03-01,W04,P034,690,205,0.94
2025-03-01,W04,P018,334,65,1.86
2025-03-01,W04,P017,270,118,0.36
2025-03-01,W04,P007,560,143,1.3
2025-03-01,W04,P023,408,178,0.71
2025-03-01,W04,P001,267,75,1.73
2025-03-01,W04,P045,399,126,0.81
2025-03-01,W04,P040,642,132,10.05
2025-03-01,W04,P016,794,290,2.03
2025-03-01,W04,P020,597,122,2.61
2025-03-01,W04,P044,311,80,0.71
2025-03-01,W04,P036,841,344,5.26
2025-03-01,W04,P008,572,109,1.6
2025-03-01,W04,P052,676,210,1.79
2025-03-01,W04,P025,150,34,0.2
2025-03-01,W04,P047,57,20,0.09
2025-03-01,W04,P046,436,164,1.6
2025-03-01,W04,P049,678,128,5.14
2025-03-01,W04,P028,240,43,1.23
2025-03-01,W04,P032,98,43,1.28
2025-03-01,W04,P035,215,95,0.7
2025-03-01,W04,P019,755,225,2.63
2025-03-01,W04,P002,576,132,0.77
2025-03-01,W04,P050,643,155,3.36
2025-03-01,W04,P057,309,134,0.56
2025-03-01,W04,P009,439,86,0.98
2025-03-01,W04,P015,356,105,1.31
2025-03-01,W04,P059,0,136,0.0
2025-03-01,W04,P030,0,155,0.0
2025-03-01,W04,P056,573,145,2.27
2025-03-01,W04,P029,349,131,1.06
2025-03-01,W04,P041,418,126,0.59
2025-03-01,W04,P053,633,202,0.96
2025-03-01,W04,P022,619,207,1.47
2025-03-01,W04,P058,84,33,0.32
2025-03-01,W04,P026,608,262,0.9
2025-03-01,W04,P042,473,108,3.5
2025-03-01,W04,P012,740,202,9.05
2025-03-01,W04,P010,0,120,0.0
2025-03-01,W05,P027,647,241,2.29
2025-03-01,W05,P043,547,202,0.76
2025-03-01,W05,P020,374,95,2.32
2025-03-01,W05,P050,648,215,1.18
2025-03-01,W05,P026,463,193,3.15
2025-03-01,W05,P010,824,296,1.96
2025-03-01,W05,P054,671,199,1.13
2025-03-01,W05,P018,601,221,1.11
2025-03-01,W05,P059,81,20,0.14
2025-03-01,W05,P045,783,167,1.47
2025-03-01,W05,P056,331,76,1.89
2025-03-01,W05,P021,254,113,0.36
2025-03-01,W05,P004,265,97,1.29
2025-03-01,W05,P025,622,200,0.99
2025-03-01,W05,P034,882,384,10.09
2025-03-01,W05,P040,828,150,1.6
2025-03-01,W05,P005,647,205,0.87
2025-03-01,W05,P053,50,20,0.19
2025-03-01,W05,P038,383,93,1.15
2025-03-01,W05,P028,319,139,0.57
2025-03-01,W05,P015,278,92,0.55
2025-03-01,W05,P003,115,51,1.32
2025-03-01,W05,P031,61,20,0.09
2025-03-01,W05,P042,517,192,3.62
2025-03-01,W05,P035,58,21,0.18
2025-03-01,W05,P046,376,152,0.74
2025-03-01,W05,P006,658,289,1.04
2025-03-01,W05,P051,359,151,1.53
2025-03-01,W05,P039,33,20,0.16
2025-03-01,W05,P023,783,229,4.94
2025-03-01,W05,P048,418,144,0.77
2025-03-01,W05,P044,373,111,0.54
2025-03-01,W05,P049,400,137,1.44
2025-03-01,W05,P002,0,161,0.0
2025-03-01,W05,P019,481,196,1.46
2025-03-01,W05,P032,780,176,4.79
2025-03-01,W05,P055,154,53,0.52
2025-03-01,W05,P030,840,207,4.66
2025-03-01,W05,P058,284,84,1.43
2025-03-01,W05,P029,54,20,0.1
2025-03-01,W05,P009,611,152,9.17
2025-03-01,W05,P033,377,134,0.62
2025-03-01,W05,P013,77,27,0.17
2025-03-01,W05,P036,355,156,2.17
2025-03-01,W05,P012,156,29,0.42
2025-03-01,W05,P037,679,196,2.6
2025-03-01,W05,P008,292,87,1.75
2025-03-01,W05,P007,0,173,0.0
2025-03-01,W05,P024,644,178,3.13
2025-03-01,W05,P057,874,182,1.68
2025-03-01,W05,P016,811,169,9.89
2025-03-01,W05,P052,651,148,0.94
2025-03-01,W05,P022,237,53,1.2
2025-03-01,W05,P047,642,175,5.38
2025-03-01,W05,P060,764,332,3.04
2025-03-01,W05,P001,479,96,1.72
2025-03-01,W05,P017,895,375,1.35
2025-03-01,W05,P041,153,56,0.76
2025-03-01,W05,P014,656,203,1.6
2025-03-01,W05,P011,832,202,1.73
2025-03-01,W06,P005,432,120,0.61
2025-03-01,W06,P039,209,63,0.71
2025-03-01,W06,P021,236,104,0.35
2025-03-01,W06,P003,519,144,0.87
2025-03-01,W06,P014,498,205,4.73
2025-03-01,W06,P024,492,131,1.46
2025-03-01,W06,P052,164,37,0.45
2025-03-01,W06,P053,47,20,0.1
2025-03-01,W06,P060,254,101,0.55
2025-03-01,W06,P059,339,79,3.85
2025-03-01,W06,P043,268,64,1.18
2025-03-01,W06,P011,718,236,3.43
2025-03-01,W06,P016,284,118,0.67
2025-03-01,W06,P023,429,163,0.57
2025-03-01,W06,P004,878,253,1.93
2025-03-01,W06,P030,614,173,1.8
2025-03-01,W06,P050,695,209,2.08
2025-03-01,W06,P017,83,36,0.2
2025-03-01,W06,P031,0,328,0.0
2025-03-01,W06,P019,61,20,0.55
2025-03-01,W06,P037,809,174,5.05
2025-03-01,W06,P012,319,61,0.7
2025-03-01,W06,P046,648,227,1.08
2025-03-01,W06,P015,194,40,0.32
2025-03-01,W06,P027,171,74,0.38
2025-03-01,W06,P028,556,127,0.81
2025-03-01,W06,P044,446,146,2.77
2025-03-01,W06,P048,844,340,2.62
2025-03-01,W06,P029,553,182,4.89
2025-03-01,W06,P051,382,80,1.11
2025-03-01,W06,P038,264,114,0.69
2025-03-01,W06,P007,188,38,0.33
2025-03-01,W06,P033,199,80,0.55
2025-03-01,W06,P040,750,259,1.78
2025-03-01,W06,P057,696,275,4.55
2025-03-01,W06,P035,521,151,4.86
2025-03-01,W06,P055,240,73,0.34
2025-03-01,W06,P049,0,217,0.0
2025-03-01,W06,P001,119,43,0.59
2025-03-01,W06,P032,577,138,1.0
2025-03-01,W06,P045,604,125,3.16
2025-03-01,W06,P013,754,223,4.57
2025-03-01,W06,P026,860,299,3.08
2025-03-01,W06,P058,885,240,4.21
2025-03-01,W06,P047,587,229,1.93
2025-03-01,W06,P022,303,93,0.59
2025-03-01,W06,P042,266,91,0.46
2025-03-01,W06,P010,686,167,1.24
2025-03-01,W06,P020,444,92,0.78
2025-03-01,W06,P034,202,37,0.41
2025-03-01,W06,P025,365,94,2.03
2025-03-01,W06,P056,74,20,0.12
2025-03-01,W06,P006,698,192,6.05
2025-03-01,W06,P002,537,213,0.85
2025-03-01,W06,P018,734,256,1.59
2025-03-01,W06,P036,638,171,6.53
2025-03-01,W06,P054,364,84,0.86
2025-03-01,W06,P008,743,261,7.59
2025-03-01,W06,P041,138,29,0.51
2025-03-01,W06,P009,620,115,1.46
2025-03-01,W07,P004,77,20,0.17
2025-03-01,W07,P059,844,234,1.75
2025-03-01,W07,P051,492,158,1.37
2025-03-01,W07,P057,173,43,0.32
2025-03-01,W07,P047,367,88,0.51
2025-03-01,W07,P001,244,53,0.45
2025-03-01,W07,P028,753,141,5.45
2025-03-01,W07,P054,214,40,0.46
2025-03-01,W07,P006,862,242,1.5
2025-03-01,W07,P003,572,216,1.12
2025-03-01,W07,P041,319,128,0.72
2025-03-01,W07,P048,41,20,0.05
2025-03-01,W07,P049,642,201,3.57
2025-03-01,W07,P056,650,170,0.98
2025-03-01,W07,P020,831,259,1.45
2025-03-01,W07,P009,0,22,0.0
2025-03-01,W07,P042,878,214,4.59
2025-03-01,W07,P010,207,77,0.5
2025-03-01,W07,P018,241,60,1.98
2025-03-01,W07,P014,548,198,0.89
2025-03-01,W07,P055,284,114,0.78
2025-03-01,W07,P060,260,61,1.49
2025-03-01,W07,P053,623,207,3.01
2025-03-01,W07,P031,270,83,0.5
2025-03-01,W07,P025,703,199,5.67
2025-03-01,W07,P002,627,262,4.41
2025-03-01,W07,P012,91,37,0.5
2025-03-01,W07,P013,204,39,0.27
2025-03-01,W07,P019,204,45,0.62
2025-03-01,W07,P033,439,170,0.72
2025-03-01,W07,P005,579,252,4.41
2025-03-01,W07,P037,67,26,0.22
2025-03-01,W07,P029,110,34,0.67
2025-03-01,W07,P026,869,205,2.16
2025-03-01,W07,P038,755,141,3.47
2025-03-01,W07,P024,696,291,9.07
2025-03-01,W07,P008,50,20,0.15
2025-03-01,W07,P027,139,52,0.2
2025-03-01,W07,P007,760,329,1.44
2025-03-01,W07,P035,408,132,1.22
2025-03-01,W07,P039,585,162,1.13
2025-03-01,W07,P030,830,357,1.41
2025-03-01,W07,P050,672,216,5.38
2025-03-01,W07,P058,435,79,3.22
2025-03-01,W07,P021,453,202,1.25
2025-03-01,W07,P046,377,78,0.61
2025-03-01,W07,P023,727,274,2.53
2025-03-01,W07,P022,195,57,0.28
2025-03-01,W07,P044,266,68,0.37
2025-03-01,W07,P016,471,164,0.98
2025-03-01,W07,P052,220,52,0.65
2025-03-01,W07,P032,144,52,1.54
2025-03-01,W07,P017,149,39,0.31
2025-03-01,W07,P034,0,123,0.0
2025-03-01,W07,P045,305,119,0.63
2025-03-01,W07,P043,498,186,4.54
2025-03-01,W07,P036,692,193,3.4
2025-03-01,W07,P040,682,195,1.01
2025-03-01,W07,P011,709,266,3.18
2025-03-01,W07,P015,879,163,1.3
2025-03-01,W08,P002,607,180,6.01
2025-03-01,W08,P047,74,20,0.58
2025-03-01,W08,P010,714,252,1.49
2025-03-01,W08,P036,120,53,0.45
2025-03-01,W08,P004,142,58,0.3
2025-03-01,W08,P005,186,82,2.32
2025-03-01,W08,P046,854,226,1.42
2025-03-01,W08,P012,614,121,0.82
2025-03-01,W08,P024,0,182,0.0
2025-03-01,W08,P025,592,131,0.84
2025-03-01,W08,P052,717,261,11.39
2025-03-01,W08,P019,485,179,0.68
2025-03-01,W08,P040,292,87,1.41
2025-03-01,W08,P026,436,107,0.68
2025-03-01,W08,P048,848,273,1.35
2025-03-01,W08,P032,762,330,1.56
2025-03-01,W08,P015,123,31,0.53
2025-03-01,W08,P049,148,51,0.22
2025-03-01,W08,P053,218,43,0.69
2025-03-01,W08,P008,151,44,0.21
2025-03-01,W08,P003,53,21,0.13
2025-03-01,W08,P055,662,294,8.48
2025-03-01,W08,P033,768,257,3.66
2025-03-01,W08,P039,378,70,4.15
2025-03-01,W08,P001,450,82,5.74
2025-03-01,W08,P041,423,99,5.02
2025-03-01,W08,P034,854,256,1.38
2025-03-01,W08,P013,147,51,0.82
2025-03-01,W08,P021,176,77,1.02
2025-03-01,W08,P045,855,257,2.23
2025-03-01,W08,P018,384,91,0.78
2025-03-01,W08,P042,706,129,2.9
2025-03-01,W08,P009,545,194,0.95
2025-03-01,W08,P028,388,144,0.8
2025-03-01,W08,P020,401,97,2.13
2025-03-01,W08,P006,707,254,1.68
2025-03-01,W08,P060,392,70,0.82
2025-03-01,W08,P022,353,120,1.23
2025-03-01,W08,P056,138,43,0.84
2025-03-01,W08,P007,396,78,1.72
2025-03-01,W08,P029,543,238,1.12
2025-03-01,W08,P016,430,139,6.53
2025-03-01,W08,P051,302,122,0.43
2025-03-01,W08,P011,307,81,1.2
2025-03-01,W08,P038,590,249,2.25
2025-03-01,W08,P059,720,266,2.82
2025-03-01,W08,P017,416,129,2.37
2025-03-01,W08,P014,110,24,0.17
2025-03-01,W08,P027,793,271,1.75
2025-03-01,W08,P023,506,131,0.97
2025-03-01,W08,P054,0,188,0.0
2025-03-01,W08,P035,102,23,1.14
2025-03-01,W08,P037,216,78,2.6
2025-03-01,W08,P057,683,297,2.97
2025-03-01,W08,P044,895,263,1.66
2025-03-01,W08,P030,320,138,0.66
2025-03-01,W08,P043,558,205,1.9
2025-03-01,W08,P058,524,170,2.72
2025-03-01,W08,P031,242,92,0.55
2025-03-01,W08,P050,730,283,1.42
2025-04-01,W01,P007,105,20,0.2
2025-04-01,W01,P058,715,217,11.61
2025-04-01,W01,P060,796,166,1.65
2025-04-01,W01,P036,227,85,0.58
2025-04-01,W01,P038,762,334,1.99
2025-04-01,W01,P057,765,215,1.97
2025-04-01,W01,P004,437,156,0.88
2025-04-01,W01,P010,340,147,0.66
2025-04-01,W01,P026,583,106,1.31
2025-04-01,W01,P028,207,41,0.75
2025-04-01,W01,P030,850,309,2.16
2025-04-01,W01,P055,191,81,0.3
2025-04-01,W01,P015,407,123,0.99
2025-04-01,W01,P022,582,128,0.97
2025-04-01,W01,P027,202,60,0.34
2025-04-01,W01,P052,794,196,1.86
2025-04-01,W01,P012,388,111,0.84
2025-04-01,W01,P020,189,75,0.35
2025-04-01,W01,P047,97,20,0.19
2025-04-01,W01,P041,163,40,0.56
2025-04-01,W01,P053,156,37,0.25
2025-04-01,W01,P045,615,235,1.0
2025-04-01,W01,P059,607,117,0.84
2025-04-01,W01,P040,439,108,2.14
2025-04-01,W01,P019,830,227,2.39
2025-04-01,W01,P025,267,103,0.43
2025-04-01,W01,P001,256,67,1.23
2025-04-01,W01,P013,153,47,0.32
2025-04-01,W01,P039,290,62,0.41
2025-04-01,W01,P044,357,90,5.25
2025-04-01,W01,P011,846,265,7.9
2025-04-01,W01,P046,884,207,4.77
2025-04-01,W01,P031,489,110,2.49
2025-04-01,W01,P049,653,152,9.9
2025-04-01,W01,P051,170,34,0.25
2025-04-01,W01,P021,873,316,3.03
2025-04-01,W01,P003,53,22,0.14
2025-04-01,W01,P002,598,159,0.92
2025-04-01,W01,P054,246,60,0.37
2025-04-01,W01,P033,526,231,0.86
2025-04-01,W01,P005,200,54,0.56
2025-04-01,W01,P037,155,66,1.41
2025-04-01,W01,P032,621,150,1.02
2025-04-01,W01,P043,436,159,2.56
2025-04-01,W01,P018,880,383,5.46
2025-04-01,W01,P048,361,74,1.3
2025-04-01,W01,P056,269,88,0.51
2025-04-01,W01,P042,438,135,0.89
2025-04-01,W01,P014,31,20,0.05
2025-04-01,W01,P029,687,220,0.97
2025-04-01,W01,P023,507,122,0.82
2025-04-01,W01,P035,706,142,1.18
2025-04-01,W01,P006,395,162,0.76
2025-04-01,W01,P050,435,118,0.9
2025-04-01,W01,P008,278,112,0.61
2025-04-01,W01,P017,168,67,0.81
2025-04-01,W01,P024,383,147,0.69
2025-04-01,W01,P009,861,214,10.27
2025-04-01,W01,P034,676,150,2.3
2025-04-01,W01,P016,638,217,5.74
2025-04-01,W02,P033,821,299,4.72
2025-04-01,W02,P047,894,201,1.81
2025-04-01,W02,P032,852,273,5.53
2025-04-01,W02,P020,537,157,1.32
2025-04-01,W02,P023,205,75,2.65
2025-04-01,W02,P008,625,136,5.5
2025-04-01,W02,P048,784,224,1.72
2025-04-01,W02,P004,158,52,0.29
2025-04-01,W02,P007,325,131,1.31
2025-04-01,W02,P029,769,153,7.43
2025-04-01,W02,P031,246,51,0.73
2025-04-01,W02,P035,133,43,0.46
2025-04-01,W02,P005,694,301,1.91
2025-04-01,W02,P050,299,128,0.95
2025-04-01,W02,P019,455,189,2.74
2025-04-01,W02,P051,800,203,1.26
2025-04-01,W02,P015,809,358,7.77
2025-04-01,W02,P028,184,53,0.7
2025-04-01,W02,P049,705,205,8.54
2025-04-01,W02,P014,852,295,6.82
2025-04-01,W02,P030,890,283,7.46
2025-04-01,W02,P044,888,335,3.88
2025-04-01,W02,P006,556,160,1.78
2025-04-01,W02,P034,633,189,1.82
2025-04-01,W02,P017,165,31,0.35
2025-04-01,W02,P037,351,124,0.91
2025-04-01,W02,P002,599,222,1.07
2025-04-01,W02,P056,893,180,7.65
2025-04-01,W02,P003,604,260,1.7
2025-04-01,W02,P046,591,179,1.56
2025-04-01,W02,P040,248,87,1.49
2025-04-01,W02,P052,822,308,1.28
2025-04-01,W02,P024,52,20,0.21
2025-04-01,W02,P016,238,82,0.35
2025-04-01,W02,P057,870,310,2.49
2025-04-01,W02,P045,77,20,0.19
2025-04-01,W02,P013,359,125,1.83
2025-04-01,W02,P055,127,27,2.05
2025-04-01,W02,P043,676,153,1.0
2025-04-01,W02,P026,90,31,1.27
2025-04-01,W02,P025,98,26,0.54
2025-04-01,W02,P042,336,68,4.59
2025-04-01,W02,P053,433,134,1.14
2025-04-01,W02,P018,223,58,0.42
2025-04-01,W02,P038,336,134,2.34
2025-04-01,W02,P027,435,100,1.98
2025-04-01,W02,P054,123,51,0.17
2025-04-01,W02,P041,119,37,0.26
2025-04-01,W02,P009,594,246,2.57
2025-04-01,W02,P010,453,156,1.0
2025-04-01,W02,P059,511,106,5.53
2025-04-01,W02,P060,637,133,1.13
2025-04-01,W02,P012,480,104,0.91
2025-04-01,W02,P021,293,128,0.89
2025-04-01,W02,P058,481,145,0.95
2025-04-01,W02,P001,326,122,1.95
2025-04-01,W02,P022,93,36,0.16
2025-04-01,W02,P036,891,234,1.5
2025-04-01,W02,P011,267,55,0.97
2025-04-01,W02,P039,345,72,4.87
2025-04-01,W03,P006,172,63,0.33
2025-04-01,W03,P044,155,43,0.78
2025-04-01,W03,P055,871,197,1.72
2025-04-01,W03,P056,485,164,1.2
2025-04-01,W03,P038,255,50,0.86
2025-04-01,W03,P059,833,235,8.39
2025-04-01,W03,P046,628,150,2.53
2025-04-01,W03,P032,123,47,0.32
2025-04-01,W03,P030,376,132,0.71
2025-04-01,W03,P020,308,86,0.62
2025-04-01,W03,P052,202,36,0.45
2025-04-01,W03,P053,400,136,1.03
2025-04-01,W03,P014,706,221,1.45
2025-04-01,W03,P015,695,135,1.17
2025-04-01,W03,P048,240,89,1.05
2025-04-01,W03,P019,490,116,6.3
2025-04-01,W03,P029,232,63,0.67
2025-04-01,W03,P018,160,32,0.21
2025-04-01,W03,P045,463,204,0.89
2025-04-01,W03,P011,447,159,0.63
2025-04-01,W03,P027,172,40,1.36
2025-04-01,W03,P050,690,206,7.13
2025-04-01,W03,P060,558,232,1.18
2025-04-01,W03,P054,554,123,1.15
2025-04-01,W03,P005,588,222,5.17
2025-04-01,W03,P033,376,123,2.26
2025-04-01,W03,P009,884,332,6.42
2025-04-01,W03,P043,102,24,0.2
2025-04-01,W03,P037,693,197,2.04
2025-04-01,W03,P026,870,349,2.99
2025-04-01,W03,P012,63,21,0.2
2025-04-01,W03,P042,123,53,0.39
2025-04-01,W03,P025,514,111,1.31
2025-04-01,W03,P058,142,50,0.21
2025-04-01,W03,P024,588,198,1.9
2025-04-01,W03,P021,692,131,1.43
2025-04-01,W03,P002,449,141,0.6
2025-04-01,W03,P039,856,225,1.22
2025-04-01,W03,P010,260,69,0.39
2025-04-01,W03,P001,584,109,2.17
2025-04-01,W03,P028,884,381,3.32
2025-04-01,W03,P013,815,301,1.19
2025-04-01,W03,P008,781,332,1.16
2025-04-01,W03,P051,420,179,0.56
2025-04-01,W03,P003,789,199,1.74
2025-04-01,W03,P057,510,143,1.01
2025-04-01,W03,P041,815,266,1.23
2025-04-01,W03,P007,700,266,1.92
2025-04-01,W03,P049,870,258,1.38
2025-04-01,W03,P017,462,87,0.69
2025-04-01,W03,P036,459,127,0.92
2025-04-01,W03,P034,318,94,0.54
2025-04-01,W03,P004,343,106,0.57
2025-04-01,W03,P016,320,142,0.44
2025-04-01,W03,P022,891,274,5.61
2025-04-01,W03,P023,894,284,1.31
2025-04-01,W03,P040,160,55,0.27
2025-04-01,W03,P035,233,42,0.43
2025-04-01,W03,P031,644,193,5.94
2025-04-01,W03,P047,898,310,1.2
2025-04-01,W04,P007,722,241,1.9
2025-04-01,W04,P020,883,339,2.55
2025-04-01,W04,P033,661,183,3.43
2025-04-01,W04,P002,894,343,2.82
2025-04-01,W04,P011,137,28,0.53
2025-04-01,W04,P024,454,171,1.32
2025-04-01,W04,P009,593,208,1.09
2025-04-01,W04,P015,648,207,5.82
2025-04-01,W04,P038,551,214,0.94
2025-04-01,W04,P060,538,153,0.76
2025-04-01,W04,P034,348,113,0.76
2025-04-01,W04,P044,641,272,1.51
2025-04-01,W04,P043,585,173,1.14
2025-04-01,W04,P021,522,167,0.93
2025-04-01,W04,P026,747,228,5.52
2025-04-01,W04,P059,523,152,1.62
2025-04-01,W04,P056,39,20,0.43
2025-04-01,W04,P042,652,175,1.5
2025-04-01,W04,P039,173,73,0.93
2025-04-01,W04,P022,555,152,0.93
2025-04-01,W04,P050,193,80,0.49
2025-04-01,W04,P023,382,99,4.29
2025-04-01,W04,P018,94,38,0.14
2025-04-01,W04,P019,300,98,0.61
2025-04-01,W04,P048,257,48,1.07
2025-04-01,W04,P031,150,42,0.32
2025-04-01,W04,P008,596,224,2.0
2025-04-01,W04,P005,343,92,0.85
2025-04-01,W04,P049,403,160,0.67
2025-04-01,W04,P017,480,119,1.18
2025-04-01,W04,P012,221,98,0.35
2025-04-01,W04,P028,262,55,0.35
2025-04-01,W04,P047,723,276,2.52
2025-04-01,W04,P010,444,129,1.16
2025-04-01,W04,P013,355,110,0.52
2025-04-01,W04,P051,169,42,0.53
2025-04-01,W04,P045,268,72,0.77
2025-04-01,W04,P040,192,72,0.3
2025-04-01,W04,P041,187,64,0.27
2025-04-01,W04,P035,189,48,1.21
2025-04-01,W04,P058,138,28,1.5
2025-04-01,W04,P025,617,170,1.08
2025-04-01,W04,P029,381,145,0.54
2025-04-01,W04,P004,758,298,1.35
2025-04-01,W04,P027,694,188,6.11
2025-04-01,W04,P003,207,70,0.38
2025-04-01,W04,P030,571,150,1.21
2025-04-01,W04,P036,357,108,0.5
2025-04-01,W04,P006,178,68,0.44
2025-04-01,W04,P057,532,192,1.08
2025-04-01,W04,P053,791,198,2.43
2025-04-01,W04,P052,735,211,5.03
2025-04-01,W04,P001,848,332,2.15
2025-04-01,W04,P032,774,184,1.92
2025-04-01,W04,P014,638,279,2.47
2025-04-01,W04,P037,798,256,7.22
2025-04-01,W04,P016,168,39,0.25
2025-04-01,W04,P046,635,270,0.97
2025-04-01,W04,P054,548,203,3.75
2025-04-01,W04,P055,114,26,0.18
2025-04-01,W05,P015,516,179,0.75
2025-04-01,W05,P039,771,256,1.08
2025-04-01,W05,P040,196,65,1.05
2025-04-01,W05,P041,591,191,0.86
2025-04-01,W05,P009,215,90,0.29
2025-04-01,W05,P003,212,90,0.5
2025-04-01,W05,P006,762,229,2.32
2025-04-01,W05,P034,149,56,0.31
2025-04-01,W05,P060,406,181,2.35
2025-04-01,W05,P058,148,47,0.22
2025-04-01,W05,P051,457,143,1.32
2025-04-01,W05,P057,575,154,0.77
2025-04-01,W05,P023,472,190,2.02
2025-04-01,W05,P004,545,161,1.21
2025-04-01,W05,P033,47,20,0.09
2025-04-01,W05,P044,879,297,1.22
2025-04-01,W05,P038,700,148,1.25
2025-04-01,W05,P010,509,143,2.28
2025-04-01,W05,P027,88,20,0.24
2025-04-01,W05,P050,849,180,1.3
2025-04-01,W05,P036,653,118,1.33
2025-04-01,W05,P018,521,134,1.1
2025-04-01,W05,P045,433,136,1.01
2025-04-01,W05,P029,339,105,1.9
2025-04-01,W05,P037,266,92,0.69
2025-04-01,W05,P047,152,37,0.27
2025-04-01,W05,P049,170,40,0.42
2025-04-01,W05,P046,421,140,0.87
2025-04-01,W05,P053,873,277,2.0
2025-04-01,W05,P052,308,100,1.64
2025-04-01,W05,P013,342,115,0.52
2025-04-01,W05,P005,265,81,1.14
2025-04-01,W05,P020,192,73,0.26
2025-04-01,W05,P008,318,95,2.25
2025-04-01,W05,P059,689,193,1.67
2025-04-01,W05,P028,297,62,0.71
2025-04-01,W05,P019,87,30,0.24
2025-04-01,W05,P026,501,106,6.36
2025-04-01,W05,P017,473,97,1.31
2025-04-01,W05,P048,734,163,1.44
2025-04-01,W05,P021,438,188,1.46
2025-04-01,W05,P056,885,210,1.26
2025-04-01,W05,P007,524,136,1.3
2025-04-01,W05,P032,830,258,2.74
2025-04-01,W05,P043,699,174,1.35
2025-04-01,W05,P016,609,116,6.03
2025-04-01,W05,P011,792,277,1.23
2025-04-01,W05,P001,310,81,0.75
2025-04-01,W05,P042,708,252,5.5
2025-04-01,W05,P002,464,130,1.44
2025-04-01,W05,P024,663,201,1.69
2025-04-01,W05,P022,337,93,2.16
2025-04-01,W05,P054,382,93,1.24
2025-04-01,W05,P014,69,20,0.11
2025-04-01,W05,P025,460,199,2.1
2025-04-01,W05,P031,223,61,1.93
2025-04-01,W05,P030,435,147,4.19
2025-04-01,W05,P055,836,362,1.63
2025-04-01,W05,P035,316,137,0.64
2025-04-01,W05,P012,684,164,2.26
2025-04-01,W06,P049,752,145,1.34
2025-04-01,W06,P029,626,190,1.43
2025-04-01,W06,P026,477,133,2.36
2025-04-01,W06,P013,89,32,0.54
2025-04-01,W06,P033,481,101,0.81
2025-04-01,W06,P044,626,127,0.91
2025-04-01,W06,P024,436,141,0.94
2025-04-01,W06,P038,631,253,1.06
2025-04-01,W06,P052,233,69,0.59
2025-04-01,W06,P031,621,214,0.96
2025-04-01,W06,P054,504,93,1.62
2025-04-01,W06,P004,791,263,1.06
2025-04-01,W06,P060,212,83,1.24
2025-04-01,W06,P002,769,285,10.09
2025-04-01,W06,P050,803,322,3.07
2025-04-01,W06,P040,702,235,1.49
2025-04-01,W06,P027,113,26,0.69
2025-04-01,W06,P045,36,20,0.05
2025-04-01,W06,P030,534,220,1.0
2025-04-01,W06,P036,446,157,0.72
2025-04-01,W06,P009,270,111,0.45
2025-04-01,W06,P007,591,261,0.89
2025-04-01,W06,P037,380,124,0.59
2025-04-01,W06,P046,498,197,0.73
2025-04-01,W06,P051,132,27,0.26
2025-04-01,W06,P010,710,203,1.22
2025-04-01,W06,P020,729,162,1.28
2025-04-01,W06,P041,625,136,0.84
2025-04-01,W06,P018,748,231,1.37
2025-04-01,W06,P053,526,203,1.32
2025-04-01,W06,P014,223,44,0.38
2025-04-01,W06,P057,565,130,2.64
2025-04-01,W06,P059,206,81,0.38
2025-04-01,W06,P043,78,30,0.19
2025-04-01,W06,P055,822,230,3.75
2025-04-01,W06,P042,467,107,0.62
2025-04-01,W06,P048,636,127,2.15
2025-04-01,W06,P011,686,261,2.27
2025-04-01,W06,P005,238,65,0.66
2025-04-01,W06,P015,248,87,0.38
2025-04-01,W06,P025,321,107,0.5
2025-04-01,W06,P001,333,98,0.84
2025-04-01,W06,P023,139,36,0.61
2025-04-01,W06,P003,413,164,1.04
2025-04-01,W06,P047,800,323,10.11
2025-04-01,W06,P006,162,58,0.41
2025-04-01,W06,P039,143,56,0.54
2025-04-01,W06,P019,785,331,5.98
2025-04-01,W06,P028,297,120,0.55
2025-04-01,W06,P035,412,132,5.27
2025-04-01,W06,P022,624,150,2.86
2025-04-01,W06,P034,144,34,0.41
2025-04-01,W06,P056,358,113,1.18
2025-04-01,W06,P021,248,70,1.74
2025-04-01,W06,P016,271,63,0.55
2025-04-01,W06,P017,427,93,0.95
2025-04-01,W06,P012,154,41,0.38
2025-04-01,W06,P058,873,356,4.11
2025-04-01,W06,P008,745,309,2.62
2025-04-01,W06,P032,86,31,0.43
2025-04-01,W07,P043,413,166,0.95
2025-04-01,W07,P002,488,134,0.98
2025-04-01,W07,P020,474,111,0.87
2025-04-01,W07,P011,568,158,1.46
2025-04-01,W07,P007,244,62,2.17
2025-04-01,W07,P057,533,105,1.63
2025-04-01,W07,P018,192,72,1.34
2025-04-01,W07,P045,511,128,1.41
2025-04-01,W07,P003,600,248,1.33
2025-04-01,W07,P019,286,109,0.45
2025-04-01,W07,P048,88,25,0.18
2025-04-01,W07,P051,496,93,1.81
2025-04-01,W07,P053,535,104,0.99
2025-04-01,W07,P012,770,305,10.46
2025-04-01,W07,P026,431,187,2.21
2025-04-01,W07,P050,165,29,0.3
2025-04-01,W07,P035,625,172,1.16
2025-04-01,W07,P017,556,107,1.08
2025-04-01,W07,P059,223,60,0.9
2025-04-01,W07,P024,447,96,6.67
2025-04-01,W07,P027,755,267,1.38
2025-04-01,W07,P001,373,76,0.9
2025-04-01,W07,P022,678,251,2.31
2025-04-01,W07,P054,899,373,1.82
2025-04-01,W07,P060,666,194,0.9
2025-04-01,W07,P004,32,20,0.06
2025-04-01,W07,P028,501,200,0.78
2025-04-01,W07,P047,469,125,1.26
2025-04-01,W07,P025,329,73,0.69
2025-04-01,W07,P039,312,135,0.52
2025-04-01,W07,P005,465,147,0.67
2025-04-01,W07,P049,252,87,0.41
2025-04-01,W07,P038,829,365,1.86
2025-04-01,W07,P036,844,354,3.18
2025-04-01,W07,P041,217,43,0.34
2025-04-01,W07,P023,405,145,1.16
2025-04-01,W07,P033,524,173,0.89
2025-04-01,W07,P044,487,124,1.18
2025-04-01,W07,P058,156,59,0.41
2025-04-01,W07,P052,705,194,1.58
2025-04-01,W07,P010,567,249,0.78
2025-04-01,W07,P037,645,197,1.3
2025-04-01,W07,P029,360,112,2.37
2025-04-01,W07,P021,622,259,8.34
2025-04-01,W07,P006,307,116,1.27
2025-04-01,W07,P030,798,352,2.34
2025-04-01,W07,P014,743,181,9.22
2025-04-01,W07,P016,644,198,1.98
2025-04-01,W07,P042,83,20,0.62
2025-04-01,W07,P008,177,65,0.4
2025-04-01,W07,P055,410,152,1.45
2025-04-01,W07,P032,411,116,6.57
2025-04-01,W07,P056,255,49,1.01
2025-04-01,W07,P034,775,346,1.73
2025-04-01,W07,P031,300,122,1.41
2025-04-01,W07,P046,195,47,0.38
2025-04-01,W07,P015,445,193,0.64
2025-04-01,W07,P040,265,101,0.72
2025-04-01,W07,P013,0,74,0.0
2025-04-01,W07,P009,71,23,0.24
2025-04-01,W08,P008,778,255,5.13
2025-04-01,W08,P045,527,230,1.51
2025-04-01,W08,P007,426,183,0.76
2025-04-01,W08,P025,126,39,0.81
2025-04-01,W08,P014,96,41,0.15
2025-04-01,W08,P017,307,131,1.09
2025-04-01,W08,P033,42,20,0.08
2025-04-01,W08,P023,788,204,4.86
2025-04-01,W08,P050,123,38,0.38
2025-04-01,W08,P053,764,324,1.6
2025-04-01,W08,P055,855,168,2.17
2025-04-01,W08,P039,220,67,0.51
2025-04-01,W08,P019,93,30,0.19
2025-04-01,W08,P029,0,117,0.0
2025-04-01,W08,P038,51,20,0.12
2025-04-01,W08,P040,786,226,2.63
2025-04-01,W08,P022,163,60,0.71
2025-04-01,W08,P035,591,118,1.34
2025-04-01,W08,P012,427,183,1.72
2025-04-01,W08,P059,722,204,1.97
2025-04-01,W08,P036,413,89,0.68
2025-04-01,W08,P044,499,148,2.21
2025-04-01,W08,P058,707,143,2.65
2025-04-01,W08,P016,342,121,2.42
2025-04-01,W08,P047,752,156,1.62
2025-04-01,W08,P027,391,156,3.93
2025-04-01,W08,P034,382,120,1.57
2025-04-01,W08,P054,277,100,0.45
2025-04-01,W08,P052,893,399,2.79
2025-04-01,W08,P048,422,151,0.71
2025-04-01,W08,P026,888,289,1.54
2025-04-01,W08,P003,884,329,6.32
2025-04-01,W08,P030,376,111,0.64
2025-04-01,W08,P015,0,177,0.0
2025-04-01,W08,P057,629,187,1.45
2025-04-01,W08,P051,613,136,1.22
2025-04-01,W08,P031,349,87,1.78
2025-04-01,W08,P018,275,123,3.59
2025-04-01,W08,P020,522,180,6.47
2025-04-01,W08,P013,707,258,1.41
2025-04-01,W08,P037,491,130,0.78
2025-04-01,W08,P011,362,135,0.66
2025-04-01,W08,P041,246,74,0.77
2025-04-01,W08,P001,67,20,0.15
2025-04-01,W08,P056,201,72,0.39
2025-04-01,W08,P002,270,84,0.42
2025-04-01,W08,P060,453,155,0.63
2025-04-01,W08,P010,899,332,8.27
2025-04-01,W08,P024,852,203,5.69
2025-04-01,W08,P028,526,216,3.4
2025-04-01,W08,P043,405,140,4.45
2025-04-01,W08,P021,667,142,1.05
2025-04-01,W08,P049,466,99,1.27
2025-04-01,W08,P009,166,33,0.39
2025-04-01,W08,P004,817,251,4.22
2025-04-01,W08,P046,699,225,1.38
2025-04-01,W08,P005,156,35,0.31
2025-04-01,W08,P032,0,181,0.0
2025-04-01,W08,P042,295,89,0.62
2025-04-01,W08,P006,539,151,1.43
2025-05-01,W01,P045,865,383,2.44
2025-05-01,W01,P022,830,157,1.91
2025-05-01,W01,P003,269,87,0.41
2025-05-01,W01,P026,751,211,1.04
2025-05-01,W01,P044,856,342,1.23
2025-05-01,W01,P035,689,151,1.83
2025-05-01,W01,P043,414,132,4.77
2025-05-01,W01,P057,882,251,1.62
2025-05-01,W01,P051,776,331,1.19
2025-05-01,W01,P049,870,269,1.7
2025-05-01,W01,P020,584,116,2.92
2025-05-01,W01,P002,864,276,8.22
2025-05-01,W01,P029,736,293,5.5
2025-05-01,W01,P042,592,188,1.6
2025-05-01,W01,P034,86,20,0.27
2025-05-01,W01,P011,540,231,2.09
2025-05-01,W01,P015,708,221,2.95
2025-05-01,W01,P016,176,45,0.38
2025-05-01,W01,P058,539,146,0.74
2025-05-01,W01,P019,211,72,0.47
2025-05-01,W01,P008,655,146,2.65
2025-05-01,W01,P010,70,20,0.55
2025-05-01,W01,P033,0,101,0.0
2025-05-01,W01,P060,396,105,0.67
2025-05-01,W01,P040,579,225,1.23
2025-05-01,W01,P059,418,132,0.85
2025-05-01,W01,P027,553,141,7.22
2025-05-01,W01,P025,504,199,6.7
2025-05-01,W01,P009,308,67,0.44
2025-05-01,W01,P052,439,179,0.61
2025-05-01,W01,P007,601,202,0.87
2025-05-01,W01,P006,487,146,1.5
2025-05-01,W01,P055,139,27,0.5
2025-05-01,W01,P018,583,190,1.55
2025-05-01,W01,P039,205,66,0.37
2025-05-01,W01,P056,552,163,1.97
2025-05-01,W01,P004,781,262,8.57
2025-05-01,W01,P021,532,122,0.9
2025-05-01,W01,P023,742,330,2.41
2025-05-01,W01,P038,266,95,0.63
2025-05-01,W01,P041,824,309,1.57
2025-05-01,W01,P017,671,128,0.91
2025-05-01,W01,P028,476,135,1.33
2025-05-01,W01,P013,559,190,3.3
2025-05-01,W01,P037,170,42,0.35
2025-05-01,W01,P032,580,190,2.84
2025-05-01,W01,P001,66,20,0.09
2025-05-01,W01,P030,735,242,3.85
2025-05-01,W01,P048,527,232,4.15
2025-05-01,W01,P014,460,160,0.68
2025-05-01,W01,P050,0,69,0.0
2025-05-01,W01,P024,187,71,0.7
2025-05-01,W01,P047,428,184,0.77
2025-05-01,W01,P053,613,113,1.09
2025-05-01,W01,P012,349,146,0.49
2025-05-01,W01,P036,891,304,2.32
2025-05-01,W01,P031,96,20,0.17
2025-05-01,W01,P005,0,167,0.0
2025-05-01,W01,P054,292,56,4.54
2025-05-01,W01,P046,534,219,1.68
2025-05-01,W02,P024,58,21,0.92
2025-05-01,W02,P018,680,125,0.91
2025-05-01,W02,P010,731,257,0.99
2025-05-01,W02,P014,623,224,5.57
2025-05-01,W02,P009,596,131,1.04
2025-05-01,W02,P002,697,134,1.35
2025-05-01,W02,P041,270,71,1.56
2025-05-01,W02,P059,803,302,2.19
2025-05-01,W02,P048,105,43,0.21
2025-05-01,W02,P040,453,150,1.0
2025-05-01,W02,P025,141,62,0.26
2025-05-01,W02,P029,235,42,0.76
2025-05-01,W02,P019,458,193,1.44
2025-05-01,W02,P039,196,47,1.27
2025-05-01,W02,P003,744,270,1.07
2025-05-01,W02,P032,524,117,0.74
2025-05-01,W02,P037,253,53,0.49
2025-05-01,W02,P023,790,254,1.67
2025-05-01,W02,P055,170,47,0.26
2025-05-01,W02,P056,227,55,0.36
2025-05-01,W02,P050,899,322,4.21
2025-05-01,W02,P045,412,136,0.77
2025-05-01,W02,P005,378,163,0.8
2025-05-01,W02,P013,161,48,0.26
2025-05-01,W02,P033,447,197,3.65
2025-05-01,W02,P034,665,190,1.88
2025-05-01,W02,P047,152,62,0.24
2025-05-01,W02,P026,242,70,0.46
2025-05-01,W02,P031,836,155,4.8
2025-05-01,W02,P035,509,195,3.52
2025-05-01,W02,P054,559,113,0.93
2025-05-01,W02,P043,526,136,1.2
2025-05-01,W02,P049,704,163,6.03
2025-05-01,W02,P058,107,47,0.2
2025-05-01,W02,P017,847,204,1.91
2025-05-01,W02,P022,727,245,1.22
2025-05-01,W02,P027,415,82,1.25
2025-05-01,W02,P008,303,69,0.53
2025-05-01,W02,P007,747,220,6.17
2025-05-01,W02,P004,607,172,1.24
2025-05-01,W02,P020,425,158,0.62
2025-05-01,W02,P006,688,200,2.66
2025-05-01,W02,P053,298,104,0.45
2025-05-01,W02,P030,387,106,0.55
2025-05-01,W02,P038,405,88,0.61
2025-05-01,W02,P021,690,246,10.93
2025-05-01,W02,P057,719,259,1.02
2025-05-01,W02,P036,793,159,3.37
2025-05-01,W02,P060,83,20,0.41
2025-05-01,W02,P046,62,27,0.2
2025-05-01,W02,P051,473,186,0.88
2025-05-01,W02,P042,43,20,0.08
2025-05-01,W02,P052,853,187,2.7
2025-05-01,W02,P012,536,224,1.08
2025-05-01,W02,P016,165,72,0.35
2025-05-01,W02,P001,296,91,2.54
2025-05-01,W02,P011,679,214,1.35
2025-05-01,W02,P015,693,213,1.04
2025-05-01,W02,P044,868,324,1.29
2025-05-01,W02,P028,509,151,2.78
2025-05-01,W03,P005,130,33,1.02
2025-05-01,W03,P002,200,84,0.34
2025-05-01,W03,P016,105,28,0.24
2025-05-01,W03,P051,426,178,1.98
2025-05-01,W03,P018,466,85,1.36
2025-05-01,W03,P006,636,246,5.28
2025-05-01,W03,P034,107,30,0.27
2025-05-01,W03,P044,698,289,1.15
2025-05-01,W03,P022,843,349,1.27
2025-05-01,W03,P019,499,166,0.83
2025-05-01,W03,P011,758,157,2.79
2025-05-01,W03,P057,193,44,0.26
2025-05-01,W03,P013,835,184,2.5
2025-05-01,W03,P053,136,54,0.57
2025-05-01,W03,P009,179,44,0.36
2025-05-01,W03,P008,450,99,0.72
2025-05-01,W03,P041,555,180,0.97
2025-05-01,W03,P050,188,42,2.51
2025-05-01,W03,P024,43,20,0.13
2025-05-01,W03,P048,588,149,1.59
2025-05-01,W03,P035,289,64,0.93
2025-05-01,W03,P058,266,91,0.76
2025-05-01,W03,P010,838,318,1.29
2025-05-01,W03,P014,729,309,1.13
2025-05-01,W03,P028,145,47,0.25
2025-05-01,W03,P021,871,246,1.43
2025-05-01,W03,P001,79,32,0.13
2025-05-01,W03,P029,801,213,1.1
2025-05-01,W03,P007,181,72,0.52
2025-05-01,W03,P040,186,43,1.08
2025-05-01,W03,P020,483,208,0.82
2025-05-01,W03,P004,637,193,1.76
2025-05-01,W03,P049,841,354,1.27
2025-05-01,W03,P046,303,84,0.51
2025-05-01,W03,P003,542,114,1.18
2025-05-01,W03,P036,367,67,0.75
2025-05-01,W03,P038,850,381,1.76
2025-05-01,W03,P023,423,98,0.61
2025-05-01,W03,P037,498,187,1.87
2025-05-01,W03,P055,868,179,1.58
2025-05-01,W03,P052,847,306,1.84
2025-05-01,W03,P026,748,331,5.29
2025-05-01,W03,P031,558,175,1.67
2025-05-01,W03,P054,886,238,2.52
2025-05-01,W03,P043,172,58,1.18
2025-05-01,W03,P033,380,79,0.55
2025-05-01,W03,P015,677,152,1.5
2025-05-01,W03,P056,486,102,0.8
2025-05-01,W03,P032,580,208,3.63
2025-05-01,W03,P030,809,329,1.38
2025-05-01,W03,P025,532,235,2.28
2025-05-01,W03,P039,114,45,0.23
2025-05-01,W03,P047,450,148,0.86
2025-05-01,W03,P059,842,311,1.29
2025-05-01,W03,P012,177,75,0.33
2025-05-01,W03,P042,87,25,0.87
2025-05-01,W03,P017,630,236,3.98
2025-05-01,W03,P060,883,218,1.21
2025-05-01,W03,P027,100,24,0.24
2025-05-01,W03,P045,242,48,1.02
2025-05-01,W04,P040,774,275,1.6
2025-05-01,W04,P018,548,245,3.27
2025-05-01,W04,P036,607,204,1.9
2025-05-01,W04,P012,829,357,1.4
2025-05-01,W04,P060,277,108,1.95
2025-05-01,W04,P016,299,98,0.69
2025-05-01,W04,P008,518,118,1.22
2025-05-01,W04,P032,782,312,12.32
2025-05-01,W04,P033,0,340,0.0
2025-05-01,W04,P056,71,23,0.35
2025-05-01,W04,P054,207,73,0.28
2025-05-01,W04,P019,654,253,8.61
2025-05-01,W04,P027,437,154,1.09
2025-05-01,W04,P014,227,58,0.99
2025-05-01,W04,P017,161,53,0.31
2025-05-01,W04,P021,328,92,1.68
2025-05-01,W04,P023,147,54,1.98
2025-05-01,W04,P045,85,21,0.83
2025-05-01,W04,P003,508,222,1.3
2025-05-01,W04,P052,587,145,4.82
2025-05-01,W04,P037,140,62,0.23
2025-05-01,W04,P038,635,259,3.05
2025-05-01,W04,P010,226,87,1.79
2025-05-01,W04,P059,486,154,1.0
2025-05-01,W04,P022,176,38,0.48
2025-05-01,W04,P042,183,69,0.28
2025-05-01,W04,P020,408,145,3.43
2025-05-01,W04,P031,351,112,1.95
2025-05-01,W04,P047,596,260,2.68
2025-05-01,W04,P055,0,178,0.0
2025-05-01,W04,P041,114,31,0.16
2025-05-01,W04,P035,706,269,1.1
2025-05-01,W04,P039,703,181,1.41
2025-05-01,W04,P046,802,184,1.31
2025-05-01,W04,P025,53,20,0.59
2025-05-01,W04,P051,160,48,0.21
2025-05-01,W04,P050,632,176,2.04
2025-05-01,W04,P057,765,179,3.44
2025-05-01,W04,P004,167,54,0.24
2025-05-01,W04,P058,778,335,1.85
2025-05-01,W04,P002,338,78,0.9
2025-05-01,W04,P015,796,311,1.25
2025-05-01,W04,P048,422,179,1.75
2025-05-01,W04,P007,209,90,0.88
2025-05-01,W04,P029,125,39,0.29
2025-05-01,W04,P009,239,101,0.46
2025-05-01,W04,P034,785,149,4.94
2025-05-01,W04,P053,499,155,0.71
2025-05-01,W04,P044,494,150,1.27
2025-05-01,W04,P049,420,162,1.35
2025-05-01,W04,P026,55,20,0.19
2025-05-01,W04,P001,697,237,1.44
2025-05-01,W04,P043,685,159,3.04
2025-05-01,W04,P006,484,106,2.12
2025-05-01,W04,P028,544,193,1.73
2025-05-01,W04,P024,622,118,1.09
2025-05-01,W04,P013,423,104,0.81
2025-05-01,W04,P005,482,133,0.76
2025-05-01,W04,P030,101,20,0.15
2025-05-01,W04,P011,62,24,0.34
2025-05-01,W05,P038,196,35,0.62
2025-05-01,W05,P042,582,248,1.01
2025-05-01,W05,P052,425,90,0.77
2025-05-01,W05,P046,793,152,4.47
2025-05-01,W05,P054,612,198,5.82
2025-05-01,W05,P028,421,170,1.49
2025-05-01,W05,P035,616,204,1.83
2025-05-01,W05,P039,556,124,0.98
2025-05-01,W05,P044,444,176,1.05
2025-05-01,W05,P002,719,186,10.82
2025-05-01,W05,P057,74,20,0.14
2025-05-01,W05,P026,0,259,0.0
2025-05-01,W05,P041,824,216,1.29
2025-05-01,W05,P009,290,64,0.75
2025-05-01,W05,P025,530,163,1.94
2025-05-01,W05,P048,405,150,0.96
2025-05-01,W05,P034,648,279,1.02
2025-05-01,W05,P058,163,70,0.82
2025-05-01,W05,P036,712,230,1.59
2025-05-01,W05,P024,407,141,0.65
2025-05-01,W05,P005,433,190,0.85
2025-05-01,W05,P032,853,361,5.78
2025-05-01,W05,P003,668,291,1.2
2025-05-01,W05,P029,654,228,1.38
2025-05-01,W05,P013,861,320,7.92
2025-05-01,W05,P033,550,112,1.71
2025-05-01,W05,P051,567,108,5.16
2025-05-01,W05,P014,552,153,0.75
2025-05-01,W05,P053,666,206,1.62
2025-05-01,W05,P060,879,378,2.48
2025-05-01,W05,P015,812,213,6.1
2025-05-01,W05,P006,617,205,1.08
2025-05-01,W05,P047,760,285,1.79
2025-05-01,W05,P043,674,235,2.01
2025-05-01,W05,P012,251,111,0.62
2025-05-01,W05,P059,650,276,1.44
2025-05-01,W05,P021,494,115,3.3
2025-05-01,W05,P019,860,186,3.92
2025-05-01,W05,P001,291,92,4.04
2025-05-01,W05,P055,94,25,0.13
2025-05-01,W05,P050,452,121,0.65
2025-05-01,W05,P007,211,46,0.97
2025-05-01,W05,P011,420,155,0.79
2025-05-01,W05,P004,287,121,0.48
2025-05-01,W05,P045,381,145,0.54
2025-05-01,W05,P037,758,283,4.97
2025-05-01,W05,P040,498,131,0.71
2025-05-01,W05,P030,280,89,0.65
2025-05-01,W05,P056,891,307,4.01
2025-05-01,W05,P031,287,111,0.67
2025-05-01,W05,P020,853,186,1.14
2025-05-01,W05,P027,104,36,0.41
2025-05-01,W05,P016,0,356,0.0
2025-05-01,W05,P010,856,215,3.52
2025-05-01,W05,P018,72,23,0.21
2025-05-01,W05,P022,50,20,0.18
2025-05-01,W05,P049,819,197,1.29
2025-05-01,W05,P023,820,366,1.79
2025-05-01,W05,P008,265,91,0.41
2025-05-01,W05,P017,808,167,1.58
2025-05-01,W06,P031,698,169,3.89
2025-05-01,W06,P038,268,98,0.4
2025-05-01,W06,P042,774,317,1.29
2025-05-01,W06,P027,795,354,3.5
2025-05-01,W06,P029,754,231,1.55
2025-05-01,W06,P048,0,48,0.0
2025-05-01,W06,P040,259,110,1.19
2025-05-01,W06,P049,69,20,0.12
2025-05-01,W06,P041,737,189,1.18
2025-05-01,W06,P012,565,231,4.02
2025-05-01,W06,P026,535,131,1.27
2025-05-01,W06,P052,303,85,0.65
2025-05-01,W06,P043,303,98,0.53
2025-05-01,W06,P050,580,162,7.7
2025-05-01,W06,P004,698,289,1.27
2025-05-01,W06,P005,96,23,0.37
2025-05-01,W06,P045,775,241,1.78
2025-05-01,W06,P007,604,241,1.33
2025-05-01,W06,P058,765,221,3.56
2025-05-01,W06,P059,244,58,3.54
2025-05-01,W06,P033,385,135,4.14
2025-05-01,W06,P020,314,104,0.79
2025-05-01,W06,P008,387,108,1.11
2025-05-01,W06,P014,41,20,0.28
2025-05-01,W06,P006,713,176,3.75
2025-05-01,W06,P057,491,200,2.02
2025-05-01,W06,P053,749,213,12.05
2025-05-01,W06,P016,168,35,0.44
2025-05-01,W06,P060,871,386,3.07
2025-05-01,W06,P025,31,20,0.09
2025-05-01,W06,P037,427,172,0.63
2025-05-01,W06,P044,313,109,0.52
2025-05-01,W06,P047,599,123,1.73
2025-05-01,W06,P028,62,20,0.29
2025-05-01,W06,P030,328,119,0.6
2025-05-01,W06,P024,286,63,0.96
2025-05-01,W06,P046,276,87,1.72
2025-05-01,W06,P036,887,231,8.49
2025-05-01,W06,P003,219,88,2.23
2025-05-01,W06,P009,614,168,3.38
2025-05-01,W06,P015,870,360,2.0
2025-05-01,W06,P034,588,144,1.34
2025-05-01,W06,P022,492,215,1.17
2025-05-01,W06,P051,241,84,0.52
2025-05-01,W06,P010,306,70,2.02
2025-05-01,W06,P032,679,235,3.96
2025-05-01,W06,P002,90,30,0.3
2025-05-01,W06,P039,758,309,2.8
2025-05-01,W06,P001,507,147,0.78
2025-05-01,W06,P018,241,64,0.67
2025-05-01,W06,P035,187,43,0.75
2025-05-01,W06,P054,298,108,2.81
2025-05-01,W06,P056,370,123,1.87
2025-05-01,W06,P023,31,20,0.07
2025-05-01,W06,P021,415,185,1.32
2025-05-01,W06,P011,202,88,0.28
2025-05-01,W06,P013,748,162,2.84
2025-05-01,W06,P017,554,218,0.84
2025-05-01,W06,P055,474,135,3.67
2025-05-01,W06,P019,667,162,3.59
2025-05-01,W07,P002,557,102,0.84
2025-05-01,W07,P007,849,163,1.38
2025-05-01,W07,P047,119,51,0.33
2025-05-01,W07,P041,439,80,2.13
2025-05-01,W07,P046,214,83,0.56
2025-05-01,W07,P032,791,278,10.4
2025-05-01,W07,P025,0,141,0.0
2025-05-01,W07,P021,867,169,6.62
2025-05-01,W07,P055,89,25,0.29
2025-05-01,W07,P044,378,121,0.6
2025-05-01,W07,P027,451,85,4.58
2025-05-01,W07,P051,238,49,0.38
2025-05-01,W07,P017,756,298,6.2
2025-05-01,W07,P037,155,63,0.33
2025-05-01,W07,P026,854,158,2.18
2025-05-01,W07,P049,474,120,1.15
2025-05-01,W07,P042,165,74,0.63
2025-05-01,W07,P031,169,64,0.56
2025-05-01,W07,P006,181,68,0.59
2025-05-01,W07,P040,581,239,2.79
2025-05-01,W07,P004,111,27,0.85
2025-05-01,W07,P018,402,137,0.72
2025-05-01,W07,P050,521,189,0.84
2025-05-01,W07,P034,246,47,0.72
2025-05-01,W07,P058,635,234,0.95
2025-05-01,W07,P056,810,167,2.04
2025-05-01,W07,P052,329,100,0.89
2025-05-01,W07,P048,864,369,1.65
2025-05-01,W07,P036,589,204,1.99
2025-05-01,W07,P001,675,253,1.3
2025-05-01,W07,P003,488,219,2.93
2025-05-01,W07,P005,558,171,3.3
2025-05-01,W07,P009,413,119,2.3
2025-05-01,W07,P045,390,170,0.68
2025-05-01,W07,P029,400,88,1.01
2025-05-01,W07,P016,176,45,1.46
2025-05-01,W07,P030,50,20,0.1
2025-05-01,W07,P024,257,98,0.5
2025-05-01,W07,P013,586,209,2.46
2025-05-01,W07,P039,870,194,1.34
2025-05-01,W07,P011,134,38,2.07
2025-05-01,W07,P057,503,111,4.06
2025-05-01,W07,P054,740,160,4.18
2025-05-01,W07,P019,342,118,3.56
2025-05-01,W07,P060,821,307,4.17
2025-05-01,W07,P010,714,275,1.25
2025-05-01,W07,P038,617,274,0.83
2025-05-01,W07,P053,526,117,1.2
2025-05-01,W07,P020,51,20,0.1
2025-05-01,W07,P059,658,125,2.77
2025-05-01,W07,P023,215,59,0.58
2025-05-01,W07,P012,247,59,0.72
2025-05-01,W07,P008,317,57,2.59
2025-05-01,W07,P035,493,209,0.95
2025-05-01,W07,P015,785,264,6.62
2025-05-01,W07,P014,665,280,5.11
2025-05-01,W07,P022,107,39,0.18
2025-05-01,W07,P028,219,67,0.34
2025-05-01,W07,P033,850,369,3.95
2025-05-01,W07,P043,840,290,1.92
2025-05-01,W08,P048,807,161,7.81
2025-05-01,W08,P050,479,129,0.65
2025-05-01,W08,P042,461,159,3.68
2025-05-01,W08,P023,42,20,0.2
2025-05-01,W08,P040,167,68,0.25
2025-05-01,W08,P006,294,111,1.0
2025-05-01,W08,P054,343,87,4.34
2025-05-01,W08,P038,484,159,3.17
2025-05-01,W08,P032,551,104,3.04
2025-05-01,W08,P056,229,100,0.34
2025-05-01,W08,P041,810,247,2.27
2025-05-01,W08,P007,186,41,0.34
2025-05-01,W08,P037,792,279,4.75
2025-05-01,W08,P028,675,230,8.03
2025-05-01,W08,P024,204,63,0.5
2025-05-01,W08,P010,877,386,1.34
2025-05-01,W08,P018,853,294,2.63
2025-05-01,W08,P009,396,82,0.58
2025-05-01,W08,P019,453,117,0.62
2025-05-01,W08,P025,849,177,2.24
2025-05-01,W08,P012,303,86,0.86
2025-05-01,W08,P004,456,143,0.78
2025-05-01,W08,P039,478,120,3.75
2025-05-01,W08,P053,572,153,0.79
2025-05-01,W08,P047,137,44,0.19
2025-05-01,W08,P051,137,50,0.46
2025-05-01,W08,P035,761,273,3.67
2025-05-01,W08,P060,364,153,0.84
2025-05-01,W08,P005,85,34,0.14
2025-05-01,W08,P057,866,258,1.89
2025-05-01,W08,P016,334,124,0.67
2025-05-01,W08,P022,519,174,1.09
2025-05-01,W08,P002,363,141,0.53
2025-05-01,W08,P043,317,130,0.68
2025-05-01,W08,P015,795,245,1.07
2025-05-01,W08,P008,380,144,1.09
2025-05-01,W08,P055,586,217,1.34
2025-05-01,W08,P020,859,342,1.96
2025-05-01,W08,P011,296,104,1.52
2025-05-01,W08,P026,663,169,0.98
2025-05-01,W08,P033,188,71,0.37
2025-05-01,W08,P045,696,270,1.71
2025-05-01,W08,P021,458,156,0.79
2025-05-01,W08,P031,420,77,1.03
2025-05-01,W08,P003,413,105,0.61
2025-05-01,W08,P044,338,97,0.67
2025-05-01,W08,P052,272,95,0.37
2025-05-01,W08,P036,412,168,0.6
2025-05-01,W08,P001,47,20,0.19
2025-05-01,W08,P058,517,156,0.9
2025-05-01,W08,P030,785,306,3.22
2025-05-01,W08,P046,33,20,0.06
2025-05-01,W08,P049,339,132,3.07
2025-05-01,W08,P013,37,20,0.08
2025-05-01,W08,P014,685,246,1.63
2025-05-01,W08,P027,798,152,3.71
2025-05-01,W08,P059,798,288,1.17
2025-05-01,W08,P034,112,35,0.24
2025-05-01,W08,P017,98,34,0.65
2025-05-01,W08,P029,701,187,2.05
2025-06-01,W01,P043,889,236,1.33
2025-06-01,W01,P014,572,201,0.9
2025-06-01,W01,P039,228,82,0.57
2025-06-01,W01,P034,692,194,7.34
2025-06-01,W01,P050,782,148,4.42
2025-06-01,W01,P025,74,29,0.92
2025-06-01,W01,P015,286,66,2.41
2025-06-01,W01,P036,464,150,1.54
2025-06-01,W01,P019,895,377,4.61
2025-06-01,W01,P049,142,52,0.24
2025-06-01,W01,P030,425,120,0.61
2025-06-01,W01,P029,461,171,2.06
2025-06-01,W01,P024,91,20,0.17
2025-06-01,W01,P021,665,136,1.01
2025-06-01,W01,P006,544,141,1.17
2025-06-01,W01,P031,327,128,1.39
2025-06-01,W01,P022,459,168,0.92
2025-06-01,W01,P012,581,180,2.4
2025-06-01,W01,P007,634,235,2.59
2025-06-01,W01,P018,705,279,1.08
2025-06-01,W01,P041,525,174,1.95
2025-06-01,W01,P054,551,238,1.32
2025-06-01,W01,P003,375,124,0.98
2025-06-01,W01,P009,775,142,2.14
2025-06-01,W01,P032,305,127,2.1
2025-06-01,W01,P045,245,81,0.88
2025-06-01,W01,P023,820,194,1.13
2025-06-01,W01,P033,498,216,0.87
2025-06-01,W01,P005,618,134,4.83
2025-06-01,W01,P060,588,107,1.32
2025-06-01,W01,P057,47,20,0.06
2025-06-01,W01,P011,403,165,1.13
2025-06-01,W01,P026,666,130,1.01
2025-06-01,W01,P020,214,55,0.37
2025-06-01,W01,P038,666,270,1.32
2025-06-01,W01,P040,428,116,1.09
2025-06-01,W01,P008,97,32,0.32
2025-06-01,W01,P010,392,116,0.59
2025-06-01,W01,P053,0,79,0.0
2025-06-01,W01,P044,176,64,0.26
2025-06-01,W01,P056,451,114,1.67
2025-06-01,W01,P002,207,49,0.67
2025-06-01,W01,P058,732,162,1.59
2025-06-01,W01,P055,131,52,0.68
2025-06-01,W01,P004,429,159,1.56
2025-06-01,W01,P047,217,53,1.07
2025-06-01,W01,P017,455,157,0.75
2025-06-01,W01,P013,616,197,1.21
2025-06-01,W01,P037,676,180,1.07
2025-06-01,W01,P051,795,250,1.17
2025-06-01,W01,P027,671,175,1.3
2025-06-01,W01,P048,118,38,0.17
2025-06-01,W01,P052,712,306,1.09
2025-06-01,W01,P016,426,142,1.64
2025-06-01,W01,P046,124,38,0.81
2025-06-01,W01,P035,577,254,2.31
2025-06-01,W01,P028,573,135,1.89
2025-06-01,W01,P042,0,162,0.0
2025-06-01,W01,P001,727,191,2.07
2025-06-01,W01,P059,0,176,0.0
2025-06-01,W02,P031,585,253,3.22
2025-06-01,W02,P023,298,93,0.78
2025-06-01,W02,P002,195,61,0.28
2025-06-01,W02,P019,481,200,3.72
2025-06-01,W02,P032,401,171,4.49
2025-06-01,W02,P055,747,159,1.68
2025-06-01,W02,P024,351,142,0.71
2025-06-01,W02,P038,497,99,1.57
2025-06-01,W02,P007,334,136,1.24
2025-06-01,W02,P034,140,41,0.27
2025-06-01,W02,P042,332,114,1.05
2025-06-01,W02,P010,317,131,0.99
2025-06-01,W02,P012,495,188,0.7
2025-06-01,W02,P040,549,139,2.39
2025-06-01,W02,P054,327,96,1.06
2025-06-01,W02,P011,41,20,0.1
2025-06-01,W02,P009,882,376,1.45
2025-06-01,W02,P022,636,146,1.9
2025-06-01,W02,P026,313,84,0.64
2025-06-01,W02,P046,848,296,6.99
2025-06-01,W02,P016,693,228,0.97
2025-06-01,W02,P058,682,202,0.99
2025-06-01,W02,P005,635,264,5.22
2025-06-01,W02,P025,886,228,1.61
2025-06-01,W02,P060,150,60,0.39
2025-06-01,W02,P003,710,257,0.99
2025-06-01,W02,P057,890,267,9.61
2025-06-01,W02,P017,593,167,1.21
2025-06-01,W02,P001,725,213,1.04
2025-06-01,W02,P043,536,151,0.75
2025-06-01,W02,P035,216,74,0.64
2025-06-01,W02,P021,848,172,6.94
2025-06-01,W02,P053,303,55,0.57
2025-06-01,W02,P033,807,295,1.57
2025-06-01,W02,P013,878,358,8.05
2025-06-01,W02,P051,224,61,0.61
2025-06-01,W02,P037,52,20,0.09
2025-06-01,W02,P029,565,169,0.88
2025-06-01,W02,P039,659,286,0.93
2025-06-01,W02,P004,548,195,3.68
2025-06-01,W02,P048,565,132,4.14
2025-06-01,W02,P027,899,358,12.49
2025-06-01,W02,P045,715,305,1.17
2025-06-01,W02,P059,840,156,1.2
2025-06-01,W02,P041,518,174,1.2
2025-06-01,W02,P030,441,173,1.28
2025-06-01,W02,P028,656,225,1.6
2025-06-01,W02,P018,133,56,0.2
2025-06-01,W02,P036,380,73,0.55
2025-06-01,W02,P020,716,147,1.26
2025-06-01,W02,P047,575,245,0.97
2025-06-01,W02,P014,48,20,0.4
2025-06-01,W02,P006,762,329,3.52
2025-06-01,W02,P015,230,42,1.47
2025-06-01,W02,P049,177,54,0.26
2025-06-01,W02,P056,738,304,4.8
2025-06-01,W02,P052,620,137,1.35
2025-06-01,W02,P044,542,123,1.65
2025-06-01,W02,P050,80,20,0.11
2025-06-01,W02,P008,855,283,3.54
2025-06-01,W03,P022,626,227,1.67
2025-06-01,W03,P013,144,57,0.39
2025-06-01,W03,P042,348,96,0.51
2025-06-01,W03,P018,607,270,2.27
2025-06-01,W03,P016,50,20,0.46
2025-06-01,W03,P025,497,127,2.25
2025-06-01,W03,P024,237,86,0.36
2025-06-01,W03,P026,503,174,2.62
2025-06-01,W03,P020,229,96,0.38
2025-06-01,W03,P005,59,20,0.91
2025-06-01,W03,P058,718,206,1.92
2025-06-01,W03,P055,189,48,0.29
2025-06-01,W03,P050,548,119,2.75
2025-06-01,W03,P045,425,91,1.72
2025-06-01,W03,P044,276,63,0.63
2025-06-01,W03,P011,414,177,1.06
2025-06-01,W03,P017,853,370,1.14
2025-06-01,W03,P040,349,155,1.25
2025-06-01,W03,P043,162,36,0.66
2025-06-01,W03,P046,43,20,0.06
2025-06-01,W03,P037,745,185,1.26
2025-06-01,W03,P015,391,105,0.97
2025-06-01,W03,P021,91,20,0.17
2025-06-01,W03,P014,840,209,2.29
2025-06-01,W03,P006,224,95,1.7
2025-06-01,W03,P027,336,83,0.71
2025-06-01,W03,P048,736,296,2.05
2025-06-01,W03,P023,890,237,1.26
2025-06-01,W03,P009,720,287,4.55
2025-06-01,W03,P004,590,200,2.38
2025-06-01,W03,P051,495,153,1.14
2025-06-01,W03,P033,684,271,1.9
2025-06-01,W03,P052,88,33,0.35
2025-06-01,W03,P056,698,139,5.21
2025-06-01,W03,P032,133,56,0.2
2025-06-01,W03,P001,185,57,0.31
2025-06-01,W03,P059,703,173,1.25
2025-06-01,W03,P002,145,58,0.93
2025-06-01,W03,P028,32,20,0.09
2025-06-01,W03,P008,821,151,1.92
2025-06-01,W03,P031,298,86,3.15
2025-06-01,W03,P038,856,201,1.64
2025-06-01,W03,P041,891,301,2.12
2025-06-01,W03,P054,212,67,0.31
2025-06-01,W03,P053,103,38,0.21
2025-06-01,W03,P019,236,54,0.91
2025-06-01,W03,P035,145,59,0.22
2025-06-01,W03,P003,401,154,0.61
2025-06-01,W03,P010,790,217,1.48
2025-06-01,W03,P030,234,63,0.39
2025-06-01,W03,P049,446,176,0.69
2025-06-01,W03,P012,336,109,0.52
2025-06-01,W03,P060,203,69,0.85
2025-06-01,W03,P029,30,20,0.06
2025-06-01,W03,P034,516,197,3.86
2025-06-01,W03,P039,272,56,0.4
2025-06-01,W03,P036,421,97,0.61
2025-06-01,W03,P047,193,63,0.34
2025-06-01,W03,P007,522,111,0.75
2025-06-01,W03,P057,133,52,1.05
2025-06-01,W04,P034,392,75,2.06
2025-06-01,W04,P043,643,250,0.99
2025-06-01,W04,P052,151,51,0.27
2025-06-01,W04,P047,845,174,4.07
2025-06-01,W04,P008,526,201,6.99
2025-06-01,W04,P048,788,157,10.59
2025-06-01,W04,P019,81,31,0.22
2025-06-01,W04,P004,542,192,2.75
2025-06-01,W04,P055,331,123,1.38
2025-06-01,W04,P025,0,260,0.0
2025-06-01,W04,P017,720,184,1.54
2025-06-01,W04,P027,718,317,1.17
2025-06-01,W04,P057,313,75,1.4
2025-06-01,W04,P016,45,20,0.14
2025-06-01,W04,P033,248,56,0.51
2025-06-01,W04,P011,645,216,0.89
2025-06-01,W04,P024,148,66,0.66
2025-06-01,W04,P026,662,252,1.61
2025-06-01,W04,P038,208,49,0.51
2025-06-01,W04,P020,297,114,0.4
2025-06-01,W04,P059,742,222,1.33
2025-06-01,W04,P010,294,108,0.45
2025-06-01,W04,P051,259,77,0.47
2025-06-01,W04,P042,740,313,1.28
2025-06-01,W04,P046,539,163,3.52
2025-06-01,W04,P003,195,59,1.62
2025-06-01,W04,P056,819,262,1.14
2025-06-01,W04,P031,618,244,1.09
2025-06-01,W04,P009,376,71,0.85
2025-06-01,W04,P053,727,244,1.32
2025-06-01,W04,P058,408,81,2.2
2025-06-01,W04,P039,474,170,0.83
2025-06-01,W04,P006,651,193,1.25
2025-06-01,W04,P037,825,248,2.94
2025-06-01,W04,P032,535,207,1.8
2025-06-01,W04,P044,0,82,0.0
2025-06-01,W04,P001,398,133,0.62
2025-06-01,W04,P021,646,252,3.65
2025-06-01,W04,P012,142,33,0.26
2025-06-01,W04,P002,701,201,3.58
2025-06-01,W04,P041,374,162,0.71
2025-06-01,W04,P060,353,93,0.7
2025-06-01,W04,P049,854,162,3.13
2025-06-01,W04,P005,0,155,0.0
2025-06-01,W04,P050,859,258,1.88
2025-06-01,W04,P029,194,61,0.34
2025-06-01,W04,P030,476,183,1.17
2025-06-01,W04,P036,567,239,1.43
2025-06-01,W04,P015,218,95,0.32
2025-06-01,W04,P045,186,79,0.58
2025-06-01,W04,P007,43,20,0.06
2025-06-01,W04,P054,304,114,0.53
2025-06-01,W04,P023,409,181,0.92
2025-06-01,W04,P022,541,197,1.21
2025-06-01,W04,P018,667,298,1.03
2025-06-01,W04,P014,359,127,3.96
2025-06-01,W04,P040,155,64,1.84
2025-06-01,W04,P035,863,370,1.66
2025-06-01,W04,P028,442,103,3.95
2025-06-01,W04,P013,124,55,0.29
2025-06-01,W05,P057,184,37,0.37
2025-06-01,W05,P043,249,74,0.51
2025-06-01,W05,P030,854,205,14.02
2025-06-01,W05,P046,436,82,0.96
2025-06-01,W05,P038,739,212,1.44
2025-06-01,W05,P014,755,265,1.69
2025-06-01,W05,P060,73,20,0.48
2025-06-01,W05,P033,896,175,4.47
2025-06-01,W05,P021,149,31,0.99
2025-06-01,W05,P044,86,29,0.25
2025-06-01,W05,P029,627,226,1.18
2025-06-01,W05,P040,768,294,1.08
2025-06-01,W05,P002,236,97,0.5
2025-06-01,W05,P026,353,105,1.9
2025-06-01,W05,P048,386,154,1.89
2025-06-01,W05,P027,882,316,8.13
2025-06-01,W05,P058,586,192,2.09
2025-06-01,W05,P045,556,134,6.8
2025-06-01,W05,P011,674,187,2.4
2025-06-01,W05,P034,201,63,0.6
2025-06-01,W05,P042,661,131,1.89
2025-06-01,W05,P037,679,247,1.19
2025-06-01,W05,P036,519,226,2.05
2025-06-01,W05,P053,345,114,2.3
2025-06-01,W05,P039,580,198,0.88
2025-06-01,W05,P050,0,299,0.0
2025-06-01,W05,P023,345,105,5.29
2025-06-01,W05,P028,194,56,0.44
2025-06-01,W05,P035,306,136,1.95
2025-06-01,W05,P017,375,119,0.6
2025-06-01,W05,P052,110,28,0.29
2025-06-01,W05,P008,332,115,0.54
2025-06-01,W05,P047,422,110,0.6
2025-06-01,W05,P006,877,388,10.94
2025-06-01,W05,P049,172,44,0.47
2025-06-01,W05,P051,108,23,0.24
2025-06-01,W05,P015,310,96,0.45
2025-06-01,W05,P004,150,65,0.22
2025-06-01,W05,P013,740,167,3.51
2025-06-01,W05,P012,877,350,2.19
2025-06-01,W05,P032,690,229,7.11
2025-06-01,W05,P024,758,223,1.16
2025-06-01,W05,P041,108,35,0.14
2025-06-01,W05,P009,317,105,0.59
2025-06-01,W05,P019,535,145,2.36
2025-06-01,W05,P056,694,277,1.65
2025-06-01,W05,P005,800,260,1.92
2025-06-01,W05,P003,93,31,0.21
2025-06-01,W05,P007,0,181,0.0
2025-06-01,W05,P022,661,265,2.16
2025-06-01,W05,P025,530,102,1.02
2025-06-01,W05,P001,208,78,0.29
2025-06-01,W05,P059,63,20,0.19
2025-06-01,W05,P020,211,43,0.44
2025-06-01,W05,P016,86,20,0.12
2025-06-01,W05,P010,420,83,1.57
2025-06-01,W05,P018,340,99,0.47
2025-06-01,W05,P055,396,76,0.55
2025-06-01,W05,P054,163,50,0.28
2025-06-01,W05,P031,776,208,1.85
2025-06-01,W06,P007,874,246,2.42
2025-06-01,W06,P059,208,84,2.84
2025-06-01,W06,P005,244,60,1.38
2025-06-01,W06,P006,573,179,1.19
2025-06-01,W06,P027,815,193,1.52
2025-06-01,W06,P001,643,257,1.11
2025-06-01,W06,P050,739,190,2.78
2025-06-01,W06,P017,702,173,6.31
2025-06-01,W06,P033,91,34,0.8
2025-06-01,W06,P060,307,70,1.39
2025-06-01,W06,P002,0,193,0.0
2025-06-01,W06,P048,287,80,0.44
2025-06-01,W06,P046,384,97,0.76
2025-06-01,W06,P011,390,128,0.79
2025-06-01,W06,P049,380,106,1.47
2025-06-01,W06,P035,715,164,2.23
2025-06-01,W06,P038,438,176,0.63
2025-06-01,W06,P018,276,65,1.01
2025-06-01,W06,P008,742,143,2.53
2025-06-01,W06,P034,44,20,0.06
2025-06-01,W06,P032,600,191,0.84
2025-06-01,W06,P022,0,131,0.0
2025-06-01,W06,P019,307,63,0.43
2025-06-01,W06,P042,471,177,1.15
2025-06-01,W06,P030,874,273,1.21
2025-06-01,W06,P010,201,85,0.3
2025-06-01,W06,P052,703,303,1.6
2025-06-01,W06,P021,452,142,5.86
2025-06-01,W06,P014,554,196,1.16
2025-06-01,W06,P026,57,21,0.35
2025-06-01,W06,P028,782,328,2.26
2025-06-01,W06,P036,282,107,0.39
2025-06-01,W06,P003,99,38,0.22
2025-06-01,W06,P043,420,83,1.98
2025-06-01,W06,P016,340,82,2.36
2025-06-01,W06,P051,301,127,1.2
2025-06-01,W06,P054,630,231,3.38
2025-06-01,W06,P058,798,305,6.98
2025-06-01,W06,P013,680,299,1.04
2025-06-01,W06,P044,850,218,2.02
2025-06-01,W06,P041,562,206,5.01
2025-06-01,W06,P024,121,53,1.54
2025-06-01,W06,P025,872,333,6.1
2025-06-01,W06,P057,200,66,0.57
2025-06-01,W06,P047,653,190,1.83
2025-06-01,W06,P056,58,20,0.42
2025-06-01,W06,P031,717,319,0.96
2025-06-01,W06,P039,397,97,2.05
2025-06-01,W06,P020,152,31,0.39
2025-06-01,W06,P004,678,174,1.67
2025-06-01,W06,P023,0,108,0.0
2025-06-01,W06,P045,522,169,0.8
2025-06-01,W06,P012,630,279,0.87
2025-06-01,W06,P015,586,206,1.02
2025-06-01,W06,P037,348,98,0.95
2025-06-01,W06,P055,173,39,0.25
2025-06-01,W06,P053,77,22,0.23
2025-06-01,W06,P009,329,63,0.52
2025-06-01,W06,P040,601,129,1.35
2025-06-01,W06,P029,440,156,1.99
2025-06-01,W07,P047,866,271,1.17
2025-06-01,W07,P042,32,20,0.08
2025-06-01,W07,P007,522,219,2.12
2025-06-01,W07,P058,323,139,1.31
2025-06-01,W07,P032,341,76,0.46
2025-06-01,W07,P014,331,76,0.67
2025-06-01,W07,P002,582,206,9.2
2025-06-01,W07,P005,467,199,0.77
2025-06-01,W07,P004,518,127,4.7
2025-06-01,W07,P023,862,336,1.25
2025-06-01,W07,P039,863,369,3.05
2025-06-01,W07,P027,195,53,2.64
2025-06-01,W07,P017,384,140,0.77
2025-06-01,W07,P001,885,324,3.5
2025-06-01,W07,P030,390,86,0.88
2025-06-01,W07,P059,679,267,1.95
2025-06-01,W07,P012,0,20,0.0
2025-06-01,W07,P052,123,30,0.74
2025-06-01,W07,P053,452,93,1.56
2025-06-01,W07,P016,746,240,1.96
2025-06-01,W07,P008,266,58,0.68
2025-06-01,W07,P022,80,31,0.18
2025-06-01,W07,P051,850,348,3.0
2025-06-01,W07,P057,240,59,0.37
2025-06-01,W07,P020,32,20,0.07
2025-06-01,W07,P034,755,244,3.38
2025-06-01,W07,P015,486,89,0.84
2025-06-01,W07,P050,779,251,2.71
2025-06-01,W07,P009,212,38,0.3
2025-06-01,W07,P037,600,250,3.25
2025-06-01,W07,P010,117,30,0.18
2025-06-01,W07,P044,489,165,0.69
2025-06-01,W07,P036,799,222,2.46
2025-06-01,W07,P054,788,231,1.53
2025-06-01,W07,P033,0,29,0.0
2025-06-01,W07,P018,854,165,1.57
2025-06-01,W07,P013,777,169,1.44
2025-06-01,W07,P026,248,93,0.88
2025-06-01,W07,P024,652,146,1.43
2025-06-01,W07,P041,332,124,3.1
2025-06-01,W07,P045,105,31,0.64
2025-06-01,W07,P021,630,263,2.0
2025-06-01,W07,P048,280,88,0.79
2025-06-01,W07,P049,107,45,0.2
2025-06-01,W07,P040,383,150,0.67
2025-06-01,W07,P043,389,80,0.64
2025-06-01,W07,P006,738,286,2.4
2025-06-01,W07,P011,148,63,1.39
2025-06-01,W07,P003,664,251,2.5
2025-06-01,W07,P060,283,119,0.4
2025-06-01,W07,P019,196,71,0.34
2025-06-01,W07,P028,533,197,2.77
2025-06-01,W07,P046,145,44,0.43
2025-06-01,W07,P035,534,108,0.99
2025-06-01,W07,P038,445,125,1.33
2025-06-01,W07,P029,57,21,0.09
2025-06-01,W07,P056,670,253,1.56
2025-06-01,W07,P025,0,156,0.0
2025-06-01,W07,P031,375,135,2.05
2025-06-01,W07,P055,160,65,1.93
2025-06-01,W08,P008,533,118,1.4
2025-06-01,W08,P027,181,65,0.82
2025-06-01,W08,P030,0,42,0.0
2025-06-01,W08,P036,389,143,0.54
2025-06-01,W08,P019,431,140,0.98
2025-06-01,W08,P058,210,47,0.64
2025-06-01,W08,P004,383,105,1.74
2025-06-01,W08,P045,454,161,1.33
2025-06-01,W08,P002,884,174,1.57
2025-06-01,W08,P020,486,172,2.55
2025-06-01,W08,P054,469,96,3.63
2025-06-01,W08,P025,304,97,0.41
2025-06-01,W08,P040,0,97,0.0
2025-06-01,W08,P031,419,183,1.15
2025-06-01,W08,P038,693,134,1.18
2025-06-01,W08,P010,254,99,1.94
2025-06-01,W08,P043,264,104,0.61
2025-06-01,W08,P044,731,212,4.86
2025-06-01,W08,P009,630,263,1.45
2025-06-01,W08,P028,131,37,0.21
2025-06-01,W08,P039,36,20,0.06
2025-06-01,W08,P059,130,42,0.67
2025-06-01,W08,P046,258,111,0.95
2025-06-01,W08,P015,147,33,0.27
2025-06-01,W08,P048,294,120,1.12
2025-06-01,W08,P052,260,106,0.47
2025-06-01,W08,P034,570,168,2.51
2025-06-01,W08,P053,842,284,1.57
2025-06-01,W08,P033,659,125,0.9
2025-06-01,W08,P021,158,36,0.72
2025-06-01,W08,P012,753,336,1.61
2025-06-01,W08,P014,266,53,0.95
2025-06-01,W08,P041,163,54,0.38
2025-06-01,W08,P042,95,29,0.13
2025-06-01,W08,P057,550,165,4.35
2025-06-01,W08,P006,722,161,1.14
2025-06-01,W08,P060,137,61,1.48
2025-06-01,W08,P013,513,154,2.29
2025-06-01,W08,P029,689,144,1.58
2025-06-01,W08,P026,685,208,10.86
2025-06-01,W08,P035,271,76,2.46
2025-06-01,W08,P001,337,120,0.54
2025-06-01,W08,P003,357,98,0.81
2025-06-01,W08,P049,705,228,3.1
2025-06-01,W08,P011,468,185,0.96
2025-06-01,W08,P016,779,340,1.14
2025-06-01,W08,P023,288,85,0.62
2025-06-01,W08,P037,469,160,0.68
2025-06-01,W08,P047,884,326,1.34
2025-06-01,W08,P032,166,55,1.8
2025-06-01,W08,P050,728,251,1.15
2025-06-01,W08,P005,719,229,0.97
2025-06-01,W08,P007,85,37,0.19
2025-06-01,W08,P056,557,183,1.03
2025-06-01,W08,P051,252,99,3.01
2025-06-01,W08,P017,849,338,3.62
2025-06-01,W08,P018,0,145,0.0
2025-06-01,W08,P024,751,326,1.33
2025-06-01,W08,P055,668,276,1.74
2025-06-01,W08,P022,0,181,0.0
2025-07-01,W01,P060,866,300,1.55
2025-07-01,W01,P048,890,266,1.35
2025-07-01,W01,P053,486,133,0.81
2025-07-01,W01,P056,256,87,0.36
2025-07-01,W01,P024,0,148,0.0
2025-07-01,W01,P002,628,185,1.01
2025-07-01,W01,P017,590,174,1.22
2025-07-01,W01,P037,439,179,1.51
2025-07-01,W01,P005,414,156,0.84
2025-07-01,W01,P027,537,193,1.34
2025-07-01,W01,P059,281,118,0.59
2025-07-01,W01,P055,657,249,3.09
2025-07-01,W01,P011,114,49,0.83
2025-07-01,W01,P036,146,56,0.33
2025-07-01,W01,P032,552,147,0.82
2025-07-01,W01,P054,675,286,1.95
2025-07-01,W01,P028,212,86,0.91
2025-07-01,W01,P033,896,285,5.71
2025-07-01,W01,P058,774,294,2.14
2025-07-01,W01,P038,425,124,1.77
2025-07-01,W01,P023,121,32,0.27
2025-07-01,W01,P013,810,317,2.53
2025-07-01,W01,P020,527,173,3.37
2025-07-01,W01,P004,830,194,2.23
2025-07-01,W01,P008,496,183,0.74
2025-07-01,W01,P010,782,190,3.09
2025-07-01,W01,P049,694,234,9.81
2025-07-01,W01,P043,67,27,0.34
2025-07-01,W01,P035,867,173,13.37
2025-07-01,W01,P046,160,56,2.54
2025-07-01,W01,P044,157,67,0.22
2025-07-01,W01,P016,882,336,6.07
2025-07-01,W01,P029,525,210,0.84
2025-07-01,W01,P007,768,157,1.08
2025-07-01,W01,P009,306,89,1.14
2025-07-01,W01,P045,877,318,1.17
2025-07-01,W01,P018,783,155,3.13
2025-07-01,W01,P034,213,83,2.31
2025-07-01,W01,P001,218,85,0.32
2025-07-01,W01,P003,258,69,0.36
2025-07-01,W01,P025,530,159,1.2
2025-07-01,W01,P041,445,144,0.62
2025-07-01,W01,P050,786,171,8.39
2025-07-01,W01,P040,851,350,8.88
2025-07-01,W01,P030,636,164,2.8
2025-07-01,W01,P015,560,102,1.41
2025-07-01,W01,P047,436,88,0.97
2025-07-01,W01,P051,654,260,1.31
2025-07-01,W01,P019,588,247,1.15
2025-07-01,W01,P006,516,100,1.62
2025-07-01,W01,P057,875,222,1.76
2025-07-01,W01,P012,757,140,1.83
2025-07-01,W01,P021,345,129,0.47
2025-07-01,W01,P042,713,181,1.9
2025-07-01,W01,P031,384,104,0.52
2025-07-01,W01,P026,245,47,0.33
2025-07-01,W01,P014,833,178,1.45
2025-07-01,W01,P039,322,58,0.69
2025-07-01,W01,P022,827,315,3.41
2025-07-01,W01,P052,899,271,8.56
2025-07-01,W02,P048,382,113,1.18
2025-07-01,W02,P031,786,284,1.96
2025-07-01,W02,P017,511,113,1.49
2025-07-01,W02,P001,839,294,1.48
2025-07-01,W02,P027,570,193,1.06
2025-07-01,W02,P014,837,313,1.25
2025-07-01,W02,P026,218,39,0.65
2025-07-01,W02,P044,211,51,0.39
2025-07-01,W02,P028,122,28,0.17
2025-07-01,W02,P010,216,61,0.35
2025-07-01,W02,P059,502,220,0.79
2025-07-01,W02,P046,277,53,0.63
2025-07-01,W02,P050,266,83,1.12
2025-07-01,W02,P060,296,84,1.08
2025-07-01,W02,P052,874,170,7.66
2025-07-01,W02,P049,580,132,0.87
2025-07-01,W02,P013,0,82,0.0
2025-07-01,W02,P032,817,265,6.29
2025-07-01,W02,P039,767,313,4.79
2025-07-01,W02,P057,475,145,1.93
2025-07-01,W02,P016,226,72,1.06
2025-07-01,W02,P045,425,179,4.53
2025-07-01,W02,P029,643,270,1.53
2025-07-01,W02,P005,530,234,0.85
2025-07-01,W02,P030,50,20,0.08
2025-07-01,W02,P023,227,95,0.36
2025-07-01,W02,P019,184,54,0.74
2025-07-01,W02,P056,547,119,5.3
2025-07-01,W02,P011,762,290,1.35
2025-07-01,W02,P015,869,178,1.68
2025-07-01,W02,P020,545,216,1.57
2025-07-01,W02,P025,601,250,0.83
2025-07-01,W02,P054,881,340,3.3
2025-07-01,W02,P053,761,313,2.96
2025-07-01,W02,P002,729,280,8.27
2025-07-01,W02,P004,530,133,1.89
2025-07-01,W02,P058,404,128,1.27
2025-07-01,W02,P022,637,218,1.83
2025-07-01,W02,P040,599,176,0.81
2025-07-01,W02,P024,668,173,1.69
2025-07-01,W02,P038,506,134,1.12
2025-07-01,W02,P051,229,62,1.02
2025-07-01,W02,P009,417,148,2.3
2025-07-01,W02,P036,197,73,3.27
2025-07-01,W02,P021,674,136,2.41
2025-07-01,W02,P035,0,165,0.0
2025-07-01,W02,P034,546,244,1.32
2025-07-01,W02,P047,518,193,4.04
2025-07-01,W02,P043,745,325,3.38
2025-07-01,W02,P003,593,168,1.57
2025-07-01,W02,P018,139,26,1.56
2025-07-01,W02,P042,465,101,0.7
2025-07-01,W02,P007,201,48,0.3
2025-07-01,W02,P037,433,145,0.63
2025-07-01,W02,P006,302,116,0.44
2025-07-01,W02,P033,299,99,0.47
2025-07-01,W02,P041,245,100,3.36
2025-07-01,W02,P055,422,137,1.27
2025-07-01,W02,P012,727,176,1.05
2025-07-01,W02,P008,519,187,3.46
2025-07-01,W03,P017,655,288,0.9
2025-07-01,W03,P019,754,312,4.13
2025-07-01,W03,P020,0,217,0.0
2025-07-01,W03,P029,836,322,1.12
2025-07-01,W03,P059,244,101,0.71
2025-07-01,W03,P055,887,240,1.91
2025-07-01,W03,P060,403,127,0.68
2025-07-01,W03,P042,282,106,0.42
2025-07-01,W03,P038,307,121,1.67
2025-07-01,W03,P046,679,295,1.68
2025-07-01,W03,P013,279,107,1.05
2025-07-01,W03,P010,523,161,5.71
2025-07-01,W03,P056,861,340,1.68
2025-07-01,W03,P041,212,72,3.18
2025-07-01,W03,P001,665,239,1.42
2025-07-01,W03,P033,698,249,1.15
2025-07-01,W03,P034,598,237,5.77
2025-07-01,W03,P049,846,324,4.36
2025-07-01,W03,P003,459,93,1.9
2025-07-01,W03,P009,543,124,1.29
2025-07-01,W03,P030,563,113,1.32
2025-07-01,W03,P047,33,20,0.09
2025-07-01,W03,P005,785,175,4.34
2025-07-01,W03,P008,242,54,0.33
2025-07-01,W03,P012,695,307,0.93
2025-07-01,W03,P032,303,129,0.45
2025-07-01,W03,P035,332,123,1.39
2025-07-01,W03,P039,469,158,0.74
2025-07-01,W03,P011,128,43,0.49
2025-07-01,W03,P016,693,278,2.04
2025-07-01,W03,P036,777,269,1.64
2025-07-01,W03,P006,431,114,0.59
2025-07-01,W03,P007,166,54,0.5
2025-07-01,W03,P025,713,197,4.04
2025-07-01,W03,P051,667,121,1.29
2025-07-01,W03,P004,217,76,1.3
2025-07-01,W03,P015,702,181,2.76
2025-07-01,W03,P040,781,292,8.45
2025-07-01,W03,P023,321,71,1.19
2025-07-01,W03,P037,863,270,2.14
2025-07-01,W03,P022,881,187,1.55
2025-07-01,W03,P044,152,53,2.44
2025-07-01,W03,P053,656,287,1.07
2025-07-01,W03,P018,149,60,0.81
2025-07-01,W03,P058,174,61,1.39
2025-07-01,W03,P031,46,20,0.11
2025-07-01,W03,P021,732,323,2.6
2025-07-01,W03,P014,133,47,0.34
2025-07-01,W03,P054,382,105,1.15
2025-07-01,W03,P050,733,191,4.76
2025-07-01,W03,P026,355,99,1.43
2025-07-01,W03,P043,270,61,0.45
2025-07-01,W03,P024,371,157,0.6
2025-07-01,W03,P002,0,29,0.0
2025-07-01,W03,P045,395,159,3.4
2025-07-01,W03,P027,853,222,1.26
2025-07-01,W03,P052,509,114,0.86
2025-07-01,W03,P048,738,246,7.14
2025-07-01,W03,P057,825,196,2.96
2025-07-01,W03,P028,443,129,2.08
2025-07-01,W04,P059,785,329,1.47
2025-07-01,W04,P032,356,100,1.26
2025-07-01,W04,P041,485,169,0.87
2025-07-01,W04,P010,318,86,1.28
2025-07-01,W04,P040,875,241,1.57
2025-07-01,W04,P034,460,151,0.87
2025-07-01,W04,P026,324,84,1.12
2025-07-01,W04,P013,76,22,0.25
2025-07-01,W04,P024,395,121,1.83
2025-07-01,W04,P036,208,42,0.76
2025-07-01,W04,P011,243,88,1.1
2025-07-01,W04,P057,221,66,0.71
2025-07-01,W04,P020,415,174,1.03
2025-07-01,W04,P047,686,232,2.91
2025-07-01,W04,P003,483,111,1.58
2025-07-01,W04,P056,838,264,2.56
2025-07-01,W04,P044,617,215,0.88
2025-07-01,W04,P005,525,161,4.08
2025-07-01,W04,P037,404,155,0.6
2025-07-01,W04,P006,860,334,5.36
2025-07-01,W04,P021,348,86,0.47
2025-07-01,W04,P048,313,86,0.64
2025-07-01,W04,P051,221,95,0.48
2025-07-01,W04,P015,601,142,1.21
2025-07-01,W04,P054,82,28,0.12
2025-07-01,W04,P053,306,129,1.55
2025-07-01,W04,P017,70,20,0.31
2025-07-01,W04,P007,105,25,0.24
2025-07-01,W04,P031,843,314,2.05
2025-07-01,W04,P058,642,167,4.62
2025-07-01,W04,P028,310,79,1.51
2025-07-01,W04,P004,452,121,0.66
2025-07-01,W04,P014,273,72,0.55
2025-07-01,W04,P045,397,103,1.25
2025-07-01,W04,P060,167,65,0.48
2025-07-01,W04,P025,109,36,0.57
2025-07-01,W04,P035,708,144,1.04
2025-07-01,W04,P052,592,147,1.06
2025-07-01,W04,P022,441,127,2.36
2025-07-01,W04,P002,723,185,2.85
2025-07-01,W04,P016,615,226,1.87
2025-07-01,W04,P030,504,117,1.05
2025-07-01,W04,P019,63,20,0.1
2025-07-01,W04,P027,814,245,4.39
2025-07-01,W04,P049,185,77,0.38
2025-07-01,W04,P009,123,26,0.37
2025-07-01,W04,P055,298,131,3.33
2025-07-01,W04,P042,291,97,2.88
2025-07-01,W04,P039,550,153,0.87
2025-07-01,W04,P023,503,207,0.98
2025-07-01,W04,P018,815,261,1.75
2025-07-01,W04,P043,321,117,0.64
2025-07-01,W04,P029,770,190,3.18
2025-07-01,W04,P012,230,101,1.95
2025-07-01,W04,P050,724,192,1.06
2025-07-01,W04,P038,558,245,1.82
2025-07-01,W04,P046,231,62,0.83
2025-07-01,W04,P001,129,43,0.24
2025-07-01,W04,P008,462,194,0.63
2025-07-01,W04,P033,593,259,2.09
2025-07-01,W05,P060,589,212,1.13
2025-07-01,W05,P027,346,96,4.13
2025-07-01,W05,P026,520,120,1.46
2025-07-01,W05,P041,619,269,7.06
2025-07-01,W05,P051,724,247,1.94
2025-07-01,W05,P058,441,171,0.94
2025-07-01,W05,P045,837,328,12.75
2025-07-01,W05,P029,720,233,1.25
2025-07-01,W05,P030,74,20,0.13
2025-07-01,W05,P036,315,64,0.57
2025-07-01,W05,P056,260,91,1.63
2025-07-01,W05,P043,169,31,2.01
2025-07-01,W05,P044,636,115,1.54
2025-07-01,W05,P010,231,48,0.31
2025-07-01,W05,P053,161,62,0.63
2025-07-01,W05,P019,151,36,0.31
2025-07-01,W05,P038,810,195,12.37
2025-07-01,W05,P006,813,254,1.26
2025-07-01,W05,P008,758,294,6.64
2025-07-01,W05,P049,588,125,3.63
2025-07-01,W05,P001,72,29,0.68
2025-07-01,W05,P022,400,113,0.74
2025-07-01,W05,P012,224,43,0.36
2025-07-01,W05,P017,475,138,1.17
2025-07-01,W05,P057,197,60,0.39
2025-07-01,W05,P023,827,224,1.77
2025-07-01,W05,P021,797,240,4.96
2025-07-01,W05,P028,382,129,1.56
2025-07-01,W05,P002,154,33,0.28
2025-07-01,W05,P039,418,168,0.89
2025-07-01,W05,P046,178,41,0.46
2025-07-01,W05,P042,897,250,1.65
2025-07-01,W05,P054,601,172,0.84
2025-07-01,W05,P047,47,20,0.14
2025-07-01,W05,P037,871,259,1.45
2025-07-01,W05,P055,282,117,0.93
2025-07-01,W05,P048,360,129,0.5
2025-07-01,W05,P052,857,185,2.17
2025-07-01,W05,P059,44,20,0.15
2025-07-01,W05,P020,862,365,1.85
2025-07-01,W05,P018,759,185,5.99
2025-07-01,W05,P016,352,75,0.82
2025-07-01,W05,P009,314,66,1.32
2025-07-01,W05,P011,152,63,0.2
2025-07-01,W05,P035,780,271,1.21
2025-07-01,W05,P025,486,192,6.84
2025-07-01,W05,P015,570,138,0.86
2025-07-01,W05,P031,459,181,0.84
2025-07-01,W05,P007,841,219,1.39
2025-07-01,W05,P003,302,95,1.47
2025-07-01,W05,P014,637,273,1.75
2025-07-01,W05,P050,266,93,3.04
2025-07-01,W05,P004,877,188,3.31
2025-07-01,W05,P005,803,354,2.21
2025-07-01,W05,P013,480,92,4.21
2025-07-01,W05,P040,604,110,2.1
2025-07-01,W05,P024,370,119,2.55
2025-07-01,W05,P032,36,20,0.06
2025-07-01,W05,P034,390,162,0.73
2025-07-01,W05,P033,177,52,2.03
2025-07-01,W06,P010,564,207,0.82
2025-07-01,W06,P022,801,254,1.65
2025-07-01,W06,P027,805,251,6.76
2025-07-01,W06,P033,838,297,1.13
2025-07-01,W06,P051,647,137,1.09
2025-07-01,W06,P052,656,265,4.35
2025-07-01,W06,P024,880,164,1.42
2025-07-01,W06,P057,0,21,0.0
2025-07-01,W06,P053,125,49,0.18
2025-07-01,W06,P012,171,69,0.81
2025-07-01,W06,P035,677,272,1.42
2025-07-01,W06,P042,381,133,0.74
2025-07-01,W06,P021,833,199,6.61
2025-07-01,W06,P001,828,367,1.22
2025-07-01,W06,P016,182,64,0.45
2025-07-01,W06,P026,0,252,0.0
2025-07-01,W06,P011,860,327,1.88
2025-07-01,W06,P013,301,75,0.4
2025-07-01,W06,P029,797,313,4.82
2025-07-01,W06,P037,771,283,1.14
2025-07-01,W06,P004,301,83,0.6
2025-07-01,W06,P049,323,58,0.64
2025-07-01,W06,P044,0,307,0.0
2025-07-01,W06,P040,489,186,0.92
2025-07-01,W06,P020,795,153,1.44
2025-07-01,W06,P039,403,127,1.18
2025-07-01,W06,P003,340,83,0.66
2025-07-01,W06,P036,475,199,0.82
2025-07-01,W06,P017,316,72,0.54
2025-07-01,W06,P030,386,168,1.16
2025-07-01,W06,P041,165,50,0.23
2025-07-01,W06,P058,252,85,0.68
2025-07-01,W06,P045,831,164,7.52
2025-07-01,W06,P008,250,56,0.46
2025-07-01,W06,P031,109,39,0.43
2025-07-01,W06,P028,550,100,1.03
2025-07-01,W06,P002,420,136,0.74
2025-07-01,W06,P054,127,44,0.78
2025-07-01,W06,P060,413,124,3.49
2025-07-01,W06,P059,625,243,3.54
2025-07-01,W06,P056,483,217,0.65
2025-07-01,W06,P032,424,76,0.89
2025-07-01,W06,P043,843,289,2.24
2025-07-01,W06,P046,640,252,5.69
2025-07-01,W06,P034,407,158,1.06
2025-07-01,W06,P055,747,254,4.58
2025-07-01,W06,P023,80,33,0.11
2025-07-01,W06,P047,341,87,3.83
2025-07-01,W06,P007,872,201,7.49
2025-07-01,W06,P018,618,211,1.41
2025-07-01,W06,P019,121,41,0.34
2025-07-01,W06,P014,61,23,0.1
2025-07-01,W06,P050,349,140,0.69
2025-07-01,W06,P025,482,111,0.87
2025-07-01,W06,P015,718,171,1.63
2025-07-01,W06,P005,487,181,2.14
2025-07-01,W06,P048,620,113,1.12
2025-07-01,W06,P006,206,63,0.32
2025-07-01,W06,P038,849,293,2.01
2025-07-01,W06,P009,119,39,0.17
2025-07-01,W07,P023,0,176,0.0
2025-07-01,W07,P040,388,112,2.7
2025-07-01,W07,P014,626,263,1.78
2025-07-01,W07,P010,438,178,0.68
2025-07-01,W07,P011,248,63,0.47
2025-07-01,W07,P015,178,71,2.15
2025-07-01,W07,P055,613,156,3.53
2025-07-01,W07,P053,544,208,0.89
2025-07-01,W07,P043,558,113,1.29
2025-07-01,W07,P037,521,218,0.77
2025-07-01,W07,P057,177,62,2.55
2025-07-01,W07,P052,679,270,1.1
2025-07-01,W07,P033,263,110,1.53
2025-07-01,W07,P056,516,227,0.71
2025-07-01,W07,P036,598,163,4.61
2025-07-01,W07,P051,772,144,2.12
2025-07-01,W07,P020,623,130,3.12
2025-07-01,W07,P005,246,68,0.59
2025-07-01,W07,P060,35,20,0.05
2025-07-01,W07,P006,108,43,0.25
2025-07-01,W07,P013,418,179,0.57
2025-07-01,W07,P054,0,20,0.0
2025-07-01,W07,P035,561,167,1.04
2025-07-01,W07,P004,598,113,1.75
2025-07-01,W07,P008,286,71,0.8
2025-07-01,W07,P009,659,164,1.23
2025-07-01,W07,P049,288,111,0.82
2025-07-01,W07,P058,848,247,8.8
2025-07-01,W07,P046,855,332,1.2
2025-07-01,W07,P019,119,53,0.48
2025-07-01,W07,P017,203,68,0.36
2025-07-01,W07,P026,42,20,0.06
2025-07-01,W07,P044,36,20,0.39
2025-07-01,W07,P027,815,160,4.17
2025-07-01,W07,P039,203,65,0.3
2025-07-01,W07,P059,832,276,4.87
2025-07-01,W07,P007,277,105,0.43
2025-07-01,W07,P042,74,20,0.18
2025-07-01,W07,P045,327,142,0.64
2025-07-01,W07,P031,819,213,1.69
2025-07-01,W07,P047,552,136,0.91
2025-07-01,W07,P024,412,164,0.61
2025-07-01,W07,P012,283,92,1.54
2025-07-01,W07,P003,156,69,0.21
2025-07-01,W07,P048,761,249,5.4
2025-07-01,W07,P001,342,67,0.47
2025-07-01,W07,P002,292,92,0.43
2025-07-01,W07,P021,635,187,3.2
2025-07-01,W07,P029,246,99,0.37
2025-07-01,W07,P034,731,250,3.81
2025-07-01,W07,P032,73,31,0.3
2025-07-01,W07,P050,504,101,0.88
2025-07-01,W07,P041,209,60,0.47
2025-07-01,W07,P018,115,41,0.27
2025-07-01,W07,P038,0,163,0.0
2025-07-01,W07,P028,860,320,1.94
2025-07-01,W07,P022,387,136,0.92
2025-07-01,W07,P025,162,53,0.8
2025-07-01,W07,P030,367,115,1.49
2025-07-01,W07,P016,87,20,0.17
2025-07-01,W08,P017,408,139,0.67
2025-07-01,W08,P048,791,147,1.39
2025-07-01,W08,P047,890,287,1.96
2025-07-01,W08,P010,775,334,1.64
2025-07-01,W08,P026,662,151,0.97
2025-07-01,W08,P038,852,355,1.48
2025-07-01,W08,P056,591,162,1.82
2025-07-01,W08,P044,653,118,0.94
2025-07-01,W08,P003,847,248,7.75
2025-07-01,W08,P033,877,384,1.65
2025-07-01,W08,P035,500,164,1.5
2025-07-01,W08,P012,469,193,1.84
2025-07-01,W08,P049,452,126,4.77
2025-07-01,W08,P013,166,32,0.36
2025-07-01,W08,P053,478,137,4.46
2025-07-01,W08,P019,693,220,10.86
2025-07-01,W08,P034,746,171,1.49
2025-07-01,W08,P037,296,103,1.2
2025-07-01,W08,P051,334,69,0.95
2025-07-01,W08,P007,0,220,0.0
2025-07-01,W08,P015,136,59,0.3
2025-07-01,W08,P045,382,161,0.84
2025-07-01,W08,P060,509,156,0.8
2025-07-01,W08,P039,848,256,1.26
2025-07-01,W08,P009,492,192,0.76
2025-07-01,W08,P050,715,143,1.77
2025-07-01,W08,P046,187,42,0.27
2025-07-01,W08,P055,848,321,4.02
2025-07-01,W08,P020,259,76,1.81
2025-07-01,W08,P057,337,120,2.84
2025-07-01,W08,P004,299,110,0.63
2025-07-01,W08,P022,778,148,1.39
2025-07-01,W08,P031,370,68,0.61
2025-07-01,W08,P036,844,245,2.8
2025-07-01,W08,P043,634,182,1.48
2025-07-01,W08,P025,479,106,0.78
2025-07-01,W08,P032,215,70,0.42
2025-07-01,W08,P002,136,51,0.66
2025-07-01,W08,P011,210,66,0.46
2025-07-01,W08,P023,334,108,0.55
2025-07-01,W08,P021,579,205,1.02
2025-07-01,W08,P005,869,179,3.13
2025-07-01,W08,P028,100,42,0.17
2025-07-01,W08,P014,222,77,0.58
2025-07-01,W08,P016,257,71,0.51
2025-07-01,W08,P040,842,243,4.14
2025-07-01,W08,P018,769,157,1.58
2025-07-01,W08,P042,473,117,1.63
2025-07-01,W08,P001,786,281,1.07
2025-07-01,W08,P030,510,183,0.9
2025-07-01,W08,P006,530,138,2.17
2025-07-01,W08,P027,142,43,0.37
2025-07-01,W08,P054,576,117,3.79
2025-07-01,W08,P029,375,111,0.64
2025-07-01,W08,P041,367,94,2.69
2025-07-01,W08,P059,606,198,4.81
2025-07-01,W08,P008,617,143,1.5
2025-07-01,W08,P052,319,132,0.99
2025-07-01,W08,P024,340,131,0.88
2025-07-01,W08,P058,111,31,0.19
2025-08-01,W01,P040,232,72,0.36
2025-08-01,W01,P058,459,90,0.76
2025-08-01,W01,P004,718,165,11.54
2025-08-01,W01,P021,225,57,0.78
2025-08-01,W01,P023,686,204,1.07
2025-08-01,W01,P035,296,99,1.18
2025-08-01,W01,P057,673,291,3.59
2025-08-01,W01,P030,856,294,2.4
2025-08-01,W01,P025,434,79,0.59
2025-08-01,W01,P008,415,144,0.71
2025-08-01,W01,P009,0,23,0.0
2025-08-01,W01,P018,571,123,1.24
2025-08-01,W01,P051,502,175,1.42
2025-08-01,W01,P034,410,109,0.68
2025-08-01,W01,P032,679,283,1.95
2025-08-01,W01,P049,790,280,1.85
2025-08-01,W01,P046,491,129,3.66
2025-08-01,W01,P042,768,143,2.41
2025-08-01,W01,P055,439,174,0.9
2025-08-01,W01,P027,367,150,0.76
2025-08-01,W01,P017,63,25,0.11
2025-08-01,W01,P054,677,201,1.57
2025-08-01,W01,P002,224,74,1.0
2025-08-01,W01,P006,647,149,1.89
2025-08-01,W01,P060,520,135,2.72
2025-08-01,W01,P048,233,75,0.31
2025-08-01,W01,P029,76,22,0.24
2025-08-01,W01,P047,747,318,1.19
2025-08-01,W01,P041,883,192,1.7
2025-08-01,W01,P059,318,58,0.44
2025-08-01,W01,P003,72,29,0.34
2025-08-01,W01,P026,688,131,1.42
2025-08-01,W01,P012,351,72,1.95
2025-08-01,W01,P007,681,266,4.08
2025-08-01,W01,P016,680,129,2.38
2025-08-01,W01,P014,392,74,0.67
2025-08-01,W01,P013,839,246,3.52
2025-08-01,W01,P022,196,83,2.33
2025-08-01,W01,P056,777,290,1.72
2025-08-01,W01,P010,565,228,1.04
2025-08-01,W01,P052,272,114,0.46
2025-08-01,W01,P011,120,27,0.62
2025-08-01,W01,P050,789,204,2.71
2025-08-01,W01,P045,418,125,0.61
2025-08-01,W01,P039,394,174,0.73
2025-08-01,W01,P037,302,94,0.85
2025-08-01,W01,P001,496,136,2.71
2025-08-01,W01,P044,293,115,0.45
2025-08-01,W01,P028,591,137,3.91
2025-08-01,W01,P005,247,109,0.44
2025-08-01,W01,P019,672,206,0.99
2025-08-01,W01,P033,543,138,0.94
2025-08-01,W01,P015,445,128,1.89
2025-08-01,W01,P020,458,87,1.72
2025-08-01,W01,P024,677,209,2.9
2025-08-01,W01,P038,0,128,0.0
2025-08-01,W01,P053,731,231,2.52
2025-08-01,W01,P043,143,52,0.53
2025-08-01,W01,P031,589,195,5.91
2025-08-01,W01,P036,869,318,1.88
2025-08-01,W02,P017,336,103,2.53
2025-08-01,W02,P011,294,95,0.77
2025-08-01,W02,P049,423,105,3.36
2025-08-01,W02,P048,397,171,2.24
2025-08-01,W02,P039,0,63,0.0
2025-08-01,W02,P036,384,89,0.62
2025-08-01,W02,P035,170,57,0.49
2025-08-01,W02,P028,45,20,0.16
2025-08-01,W02,P007,78,26,0.2
2025-08-01,W02,P042,101,31,0.17
2025-08-01,W02,P006,566,130,1.01
2025-08-01,W02,P055,96,34,0.26
2025-08-01,W02,P025,256,63,0.87
2025-08-01,W02,P050,847,273,2.03
2025-08-01,W02,P024,490,218,4.73
2025-08-01,W02,P053,811,243,2.52
2025-08-01,W02,P016,264,78,0.57
2025-08-01,W02,P030,612,111,9.78
2025-08-01,W02,P013,63,25,0.21
2025-08-01,W02,P005,832,196,4.09
2025-08-01,W02,P044,375,95,0.94
2025-08-01,W02,P010,90,36,0.29
2025-08-01,W02,P020,116,42,0.16
2025-08-01,W02,P019,642,141,7.6
2025-08-01,W02,P015,472,96,6.45
2025-08-01,W02,P057,302,109,0.74
2025-08-01,W02,P031,855,161,3.22
2025-08-01,W02,P001,66,24,0.2
2025-08-01,W02,P040,380,103,1.68
2025-08-01,W02,P004,192,80,0.41
2025-08-01,W02,P012,400,145,0.63
2025-08-01,W02,P059,794,317,1.86
2025-08-01,W02,P022,448,187,0.83
2025-08-01,W02,P009,87,21,0.2
2025-08-01,W02,P033,720,162,2.44
2025-08-01,W02,P002,311,108,0.53
2025-08-01,W02,P008,98,20,0.16
2025-08-01,W02,P038,425,183,0.82
2025-08-01,W02,P041,342,143,0.85
2025-08-01,W02,P046,337,149,0.84
2025-08-01,W02,P047,392,132,1.61
2025-08-01,W02,P045,392,100,0.62
2025-08-01,W02,P051,757,327,2.76
2025-08-01,W02,P029,590,161,0.95
2025-08-01,W02,P027,293,89,0.69
2025-08-01,W02,P052,207,82,0.3
2025-08-01,W02,P003,262,111,1.96
2025-08-01,W02,P014,616,230,3.15
2025-08-01,W02,P056,82,35,0.15
2025-08-01,W02,P058,111,46,0.56
2025-08-01,W02,P054,519,221,3.48
2025-08-01,W02,P060,249,80,2.55
2025-08-01,W02,P032,227,97,0.41
2025-08-01,W02,P034,779,213,1.18
2025-08-01,W02,P021,713,128,1.56
2025-08-01,W02,P018,614,145,0.95
2025-08-01,W02,P043,282,83,0.48
2025-08-01,W02,P023,531,121,0.85
2025-08-01,W02,P026,203,75,0.49
2025-08-01,W02,P037,385,110,2.24
2025-08-01,W03,P057,389,111,5.87
2025-08-01,W03,P009,897,247,1.59
2025-08-01,W03,P011,503,183,1.42
2025-08-01,W03,P042,198,35,1.72
2025-08-01,W03,P044,573,177,1.06
2025-08-01,W03,P032,722,207,1.85
2025-08-01,W03,P012,298,109,1.04
2025-08-01,W03,P056,272,104,1.23
2025-08-01,W03,P007,438,168,0.89
2025-08-01,W03,P019,60,20,0.13
2025-08-01,W03,P029,154,48,1.52
2025-08-01,W03,P048,64,20,0.09
2025-08-01,W03,P060,877,360,3.05
2025-08-01,W03,P055,791,323,2.06
2025-08-01,W03,P002,323,118,0.49
2025-08-01,W03,P026,636,212,3.47
2025-08-01,W03,P053,480,171,0.82
2025-08-01,W03,P001,487,119,0.84
2025-08-01,W03,P037,690,282,1.49
2025-08-01,W03,P049,492,155,4.79
2025-08-01,W03,P041,759,208,2.78
2025-08-01,W03,P033,536,219,0.87
2025-08-01,W03,P023,185,52,2.09
2025-08-01,W03,P013,674,181,6.96
2025-08-01,W03,P022,138,55,0.44
2025-08-01,W03,P028,839,345,4.31
2025-08-01,W03,P050,728,257,1.02
2025-08-01,W03,P036,559,142,1.27
2025-08-01,W03,P016,316,66,0.49
2025-08-01,W03,P015,335,67,0.81
2025-08-01,W03,P020,77,31,0.75
2025-08-01,W03,P006,103,34,0.19
2025-08-01,W03,P021,621,209,8.8
2025-08-01,W03,P014,710,283,1.63
2025-08-01,W03,P046,303,111,0.56
2025-08-01,W03,P059,349,108,0.81
2025-08-01,W03,P004,248,72,1.05
2025-08-01,W03,P024,290,53,1.06
2025-08-01,W03,P052,286,99,0.58
2025-08-01,W03,P047,898,330,1.41
2025-08-01,W03,P005,381,105,1.58
2025-08-01,W03,P058,495,150,0.81
2025-08-01,W03,P010,616,136,2.31
2025-08-01,W03,P031,671,278,1.89
2025-08-01,W03,P045,544,227,1.03
2025-08-01,W03,P018,493,192,1.38
2025-08-01,W03,P035,570,141,2.61
2025-08-01,W03,P008,501,174,1.92
2025-08-01,W03,P003,270,93,0.84
2025-08-01,W03,P051,223,74,3.57
2025-08-01,W03,P054,881,374,2.07
2025-08-01,W03,P030,695,144,6.37
2025-08-01,W03,P034,127,28,0.69
2025-08-01,W03,P043,571,138,0.85
2025-08-01,W03,P025,758,338,2.67
2025-08-01,W03,P017,855,206,1.93
2025-08-01,W03,P038,113,38,0.23
2025-08-01,W03,P039,800,310,2.24
2025-08-01,W03,P027,76,26,0.83
2025-08-01,W03,P040,767,287,2.44
2025-08-01,W04,P056,641,283,3.51
2025-08-01,W04,P008,554,143,3.1
2025-08-01,W04,P053,270,57,0.81
2025-08-01,W04,P015,570,251,4.49
2025-08-01,W04,P048,774,253,2.53
2025-08-01,W04,P007,741,221,3.35
2025-08-01,W04,P014,0,205,0.0
2025-08-01,W04,P026,247,110,0.4
2025-08-01,W04,P058,379,121,0.65
2025-08-01,W04,P055,225,74,1.05
2025-08-01,W04,P029,249,80,0.67
2025-08-01,W04,P038,691,275,10.99
2025-08-01,W04,P024,756,236,2.3
2025-08-01,W04,P033,448,112,1.18
2025-08-01,W04,P043,802,246,3.77
2025-08-01,W04,P013,559,111,6.24
2025-08-01,W04,P017,822,252,1.21
2025-08-01,W04,P039,492,203,1.1
2025-08-01,W04,P031,250,73,0.43
2025-08-01,W04,P021,379,93,0.73
2025-08-01,W04,P001,823,188,2.03
2025-08-01,W04,P005,369,134,1.3
2025-08-01,W04,P057,308,93,1.02
2025-08-01,W04,P018,178,43,0.31
2025-08-01,W04,P010,337,117,0.65
2025-08-01,W04,P049,281,82,0.55
2025-08-01,W04,P016,699,161,1.75
2025-08-01,W04,P042,144,39,0.86
2025-08-01,W04,P025,811,292,1.45
2025-08-01,W04,P028,248,101,0.62
2025-08-01,W04,P052,532,228,1.1
2025-08-01,W04,P022,851,166,1.26
2025-08-01,W04,P044,72,27,0.28
2025-08-01,W04,P011,64,27,0.09
2025-08-01,W04,P030,675,239,4.45
2025-08-01,W04,P019,249,93,0.5
2025-08-01,W04,P059,850,293,4.31
2025-08-01,W04,P036,554,134,1.13
2025-08-01,W04,P047,348,111,0.75
2025-08-01,W04,P004,793,295,1.44
2025-08-01,W04,P012,561,113,0.84
2025-08-01,W04,P050,117,42,0.18
2025-08-01,W04,P045,299,69,0.74
2025-08-01,W04,P002,871,272,1.41
2025-08-01,W04,P041,286,71,1.23
2025-08-01,W04,P060,275,121,0.44
2025-08-01,W04,P003,490,208,1.34
2025-08-01,W04,P046,593,260,1.04
2025-08-01,W04,P006,664,156,4.03
2025-08-01,W04,P037,702,253,2.02
2025-08-01,W04,P009,769,296,2.54
2025-08-01,W04,P051,587,126,1.13
2025-08-01,W04,P023,258,99,0.39
2025-08-01,W04,P020,687,248,1.06
2025-08-01,W04,P034,134,57,0.26
2025-08-01,W04,P027,0,203,0.0
2025-08-01,W04,P054,680,268,0.98
2025-08-01,W04,P032,115,37,0.2
2025-08-01,W04,P035,619,181,0.9
2025-08-01,W04,P040,538,136,1.96
2025-08-01,W05,P030,888,227,6.38
2025-08-01,W05,P008,463,204,0.63
2025-08-01,W05,P050,645,236,1.72
2025-08-01,W05,P043,212,81,0.48
2025-08-01,W05,P018,408,79,1.36
2025-08-01,W05,P016,341,73,1.96
2025-08-01,W05,P036,879,188,1.73
2025-08-01,W05,P035,593,260,2.4
2025-08-01,W05,P010,620,155,1.15
2025-08-01,W05,P029,366,90,0.72
2025-08-01,W05,P013,676,250,1.38
2025-08-01,W05,P038,225,82,0.76
2025-08-01,W05,P022,531,164,0.71
2025-08-01,W05,P040,554,133,1.52
2025-08-01,W05,P056,429,117,1.64
2025-08-01,W05,P020,436,132,1.24
2025-08-01,W05,P045,0,145,0.0
2025-08-01,W05,P057,801,145,1.18
2025-08-01,W05,P032,827,182,1.43
2025-08-01,W05,P034,594,208,1.61
2025-08-01,W05,P060,610,144,1.37
2025-08-01,W05,P049,104,40,0.27
2025-08-01,W05,P005,666,264,1.05
2025-08-01,W05,P048,97,20,0.4
2025-08-01,W05,P055,749,138,9.79
2025-08-01,W05,P011,624,222,4.95
2025-08-01,W05,P024,757,156,2.33
2025-08-01,W05,P051,322,132,0.52
2025-08-01,W05,P026,615,241,4.1
2025-08-01,W05,P002,67,24,0.48
2025-08-01,W05,P033,798,304,3.04
2025-08-01,W05,P006,822,251,2.47
2025-08-01,W05,P058,140,28,0.39
2025-08-01,W05,P019,210,71,1.75
2025-08-01,W05,P044,87,31,1.25
2025-08-01,W05,P059,157,37,0.38
2025-08-01,W05,P047,858,242,1.59
2025-08-01,W05,P041,510,216,0.74
2025-08-01,W05,P007,187,50,0.98
2025-08-01,W05,P001,640,226,2.27
2025-08-01,W05,P052,238,98,2.2
2025-08-01,W05,P009,742,233,4.14
2025-08-01,W05,P014,276,84,0.64
2025-08-01,W05,P003,462,167,2.91
2025-08-01,W05,P039,456,102,4.14
2025-08-01,W05,P054,822,283,10.13
2025-08-01,W05,P028,683,183,2.21
2025-08-01,W05,P012,133,51,0.33
2025-08-01,W05,P017,839,368,1.43
2025-08-01,W05,P031,882,292,1.54
2025-08-01,W05,P042,682,292,2.23
2025-08-01,W05,P027,397,133,0.67
2025-08-01,W05,P015,572,193,2.05
2025-08-01,W05,P037,469,116,0.69
2025-08-01,W05,P021,518,96,1.11
2025-08-01,W05,P004,139,47,0.49
2025-08-01,W05,P025,845,222,2.08
2025-08-01,W05,P023,621,171,4.31
2025-08-01,W05,P046,101,34,0.37
2025-08-01,W05,P053,896,227,1.35
2025-08-01,W06,P048,60,25,0.11
2025-08-01,W06,P038,720,178,2.58
2025-08-01,W06,P011,225,75,0.41
2025-08-01,W06,P041,540,208,1.29
2025-08-01,W06,P052,689,157,6.99
2025-08-01,W06,P016,233,75,0.37
2025-08-01,W06,P043,251,110,0.63
2025-08-01,W06,P031,232,69,0.42
2025-08-01,W06,P003,816,155,8.62
2025-08-01,W06,P040,895,314,1.31
2025-08-01,W06,P013,335,97,0.73
2025-08-01,W06,P039,563,183,0.9
2025-08-01,W06,P024,670,209,2.39
2025-08-01,W06,P030,451,153,1.06
2025-08-01,W06,P023,158,62,0.28
2025-08-01,W06,P014,386,147,0.75
2025-08-01,W06,P001,826,268,1.65
2025-08-01,W06,P047,127,35,0.2
2025-08-01,W06,P056,748,140,2.29
2025-08-01,W06,P021,658,289,0.9
2025-08-01,W06,P015,756,325,1.14
2025-08-01,W06,P010,595,131,1.13
2025-08-01,W06,P017,872,159,1.95
2025-08-01,W06,P033,636,208,4.63
2025-08-01,W06,P059,133,55,0.48
2025-08-01,W06,P049,512,149,0.69
2025-08-01,W06,P053,737,291,2.41
2025-08-01,W06,P005,712,225,2.66
2025-08-01,W06,P042,417,130,0.72
2025-08-01,W06,P025,421,167,0.85
2025-08-01,W06,P044,832,217,1.53
2025-08-01,W06,P027,434,138,0.69
2025-08-01,W06,P055,811,160,2.64
2025-08-01,W06,P057,97,42,0.46
2025-08-01,W06,P035,286,67,3.54
2025-08-01,W06,P009,139,61,0.2
2025-08-01,W06,P022,129,33,0.66
2025-08-01,W06,P028,694,129,1.7
2025-08-01,W06,P058,165,33,0.88
2025-08-01,W06,P007,51,20,0.27
2025-08-01,W06,P026,529,109,2.0
2025-08-01,W06,P004,425,140,2.8
2025-08-01,W06,P032,873,280,2.57
2025-08-01,W06,P037,61,20,0.14
2025-08-01,W06,P060,470,188,0.81
2025-08-01,W06,P051,655,254,0.95
2025-08-01,W06,P012,356,75,1.23
2025-08-01,W06,P029,759,180,1.2
2025-08-01,W06,P006,68,20,0.11
2025-08-01,W06,P019,257,81,0.48
2025-08-01,W06,P018,347,78,1.11
2025-08-01,W06,P050,852,288,3.37
2025-08-01,W06,P008,234,60,0.55
2025-08-01,W06,P054,631,144,1.49
2025-08-01,W06,P020,581,156,9.12
2025-08-01,W06,P002,91,26,0.31
2025-08-01,W06,P045,615,211,2.15
2025-08-01,W06,P036,95,40,0.14
2025-08-01,W06,P046,812,337,1.32
2025-08-01,W06,P034,516,118,6.65
2025-08-01,W07,P038,401,162,0.94
2025-08-01,W07,P026,669,121,1.12
2025-08-01,W07,P004,744,308,4.82
2025-08-01,W07,P012,54,20,0.11
2025-08-01,W07,P029,853,220,1.44
2025-08-01,W07,P005,769,212,4.65
2025-08-01,W07,P052,172,32,0.42
2025-08-01,W07,P025,646,189,5.21
2025-08-01,W07,P047,253,67,0.74
2025-08-01,W07,P019,569,209,1.41
2025-08-01,W07,P023,117,37,0.26
2025-08-01,W07,P040,45,20,0.06
2025-08-01,W07,P041,799,260,10.24
2025-08-01,W07,P039,877,387,4.26
2025-08-01,W07,P016,228,60,2.88
2025-08-01,W07,P045,413,128,2.22
2025-08-01,W07,P055,453,193,0.98
2025-08-01,W07,P056,623,249,1.79
2025-08-01,W07,P053,525,135,0.94
2025-08-01,W07,P059,215,46,0.52
2025-08-01,W07,P002,399,96,1.04
2025-08-01,W07,P030,336,108,0.85
2025-08-01,W07,P035,314,102,2.31
2025-08-01,W07,P008,668,125,4.55
2025-08-01,W07,P054,608,250,1.95
2025-08-01,W07,P017,361,87,0.53
2025-08-01,W07,P051,714,213,4.7
2025-08-01,W07,P028,607,187,0.82
2025-08-01,W07,P003,478,113,1.1
2025-08-01,W07,P049,98,37,0.43
2025-08-01,W07,P037,382,70,1.64
2025-08-01,W07,P010,597,206,1.32
2025-08-01,W07,P031,478,92,2.83
2025-08-01,W07,P042,55,20,0.09
2025-08-01,W07,P018,0,20,0.0
2025-08-01,W07,P009,518,159,1.04
2025-08-01,W07,P044,402,109,0.86
2025-08-01,W07,P048,234,42,0.4
2025-08-01,W07,P046,115,28,0.72
2025-08-01,W07,P032,508,114,1.57
2025-08-01,W07,P033,550,237,1.64
2025-08-01,W07,P020,641,234,1.07
2025-08-01,W07,P027,872,327,1.21
2025-08-01,W07,P022,160,49,0.84
2025-08-01,W07,P013,658,166,1.26
2025-08-01,W07,P060,805,204,1.22
2025-08-01,W07,P001,272,110,1.29
2025-08-01,W07,P021,753,212,1.01
2025-08-01,W07,P050,801,190,5.88
2025-08-01,W07,P057,284,83,0.88
2025-08-01,W07,P007,526,106,5.56
2025-08-01,W07,P034,416,108,3.22
2025-08-01,W07,P015,498,145,2.41
2025-08-01,W07,P058,833,303,1.56
2025-08-01,W07,P011,565,140,1.13
2025-08-01,W07,P014,308,83,0.67
2025-08-01,W07,P006,62,20,0.17
2025-08-01,W07,P043,460,139,0.64
2025-08-01,W07,P036,422,78,0.81
2025-08-01,W07,P024,356,137,0.67
2025-08-01,W08,P008,398,91,0.85
2025-08-01,W08,P035,480,176,0.69
2025-08-01,W08,P048,186,71,0.26
2025-08-01,W08,P038,746,242,1.18
2025-08-01,W08,P033,744,331,1.19
2025-08-01,W08,P003,421,102,0.81
2025-08-01,W08,P017,701,145,4.35
2025-08-01,W08,P046,537,158,6.27
2025-08-01,W08,P016,649,158,1.25
2025-08-01,W08,P044,824,283,10.07
2025-08-01,W08,P055,856,357,2.3
2025-08-01,W08,P059,462,198,2.18
2025-08-01,W08,P001,773,269,2.54
2025-08-01,W08,P013,597,141,6.99
2025-08-01,W08,P032,367,110,0.9
2025-08-01,W08,P026,468,192,3.37
2025-08-01,W08,P045,221,69,1.04
2025-08-01,W08,P042,715,132,8.82
2025-08-01,W08,P027,487,112,1.23
2025-08-01,W08,P005,64,20,0.15
2025-08-01,W08,P011,572,255,1.32
2025-08-01,W08,P049,798,337,2.03
2025-08-01,W08,P034,396,133,1.11
2025-08-01,W08,P025,421,184,0.97
2025-08-01,W08,P029,387,101,2.16
2025-08-01,W08,P060,633,163,2.95
2025-08-01,W08,P047,819,174,2.25
2025-08-01,W08,P022,622,261,0.84
2025-08-01,W08,P039,59,20,0.09
2025-08-01,W08,P007,429,185,1.74
2025-08-01,W08,P058,528,185,1.28
2025-08-01,W08,P023,467,189,0.66
2025-08-01,W08,P036,696,244,1.03
2025-08-01,W08,P019,747,256,1.68
2025-08-01,W08,P031,788,310,9.89
2025-08-01,W08,P050,754,209,1.25
2025-08-01,W08,P043,551,155,6.81
2025-08-01,W08,P002,97,37,0.16
2025-08-01,W08,P018,692,305,4.49
2025-08-01,W08,P056,462,200,3.49
2025-08-01,W08,P014,431,148,1.7
2025-08-01,W08,P037,224,89,2.68
2025-08-01,W08,P057,683,191,2.63
2025-08-01,W08,P030,821,257,3.12
2025-08-01,W08,P004,450,159,0.8
2025-08-01,W08,P024,237,103,1.13
2025-08-01,W08,P028,467,113,3.12
2025-08-01,W08,P054,632,236,1.2
2025-08-01,W08,P051,114,37,1.06
2025-08-01,W08,P052,718,154,4.56
2025-08-01,W08,P015,475,189,1.53
2025-08-01,W08,P012,390,79,1.98
2025-08-01,W08,P040,287,80,0.72
2025-08-01,W08,P009,541,145,2.32
2025-08-01,W08,P010,157,35,0.34
2025-08-01,W08,P021,92,20,0.18
2025-08-01,W08,P053,118,45,0.2
2025-08-01,W08,P006,421,119,1.09
2025-08-01,W08,P041,551,237,0.86
2025-08-01,W08,P020,380,124,1.67
2025-09-01,W01,P028,521,198,1.24
2025-09-01,W01,P036,34,20,0.07
2025-09-01,W01,P025,536,129,3.41
2025-09-01,W01,P005,188,83,1.07
2025-09-01,W01,P047,382,153,0.79
2025-09-01,W01,P044,444,91,0.64
2025-09-01,W01,P049,157,36,0.5
2025-09-01,W01,P059,422,107,1.04
2025-09-01,W01,P048,328,136,1.1
2025-09-01,W01,P038,132,28,0.21
2025-09-01,W01,P019,111,45,0.35
2025-09-01,W01,P033,833,305,2.92
2025-09-01,W01,P034,896,271,1.32
2025-09-01,W01,P060,850,201,3.69
2025-09-01,W01,P014,574,202,2.09
2025-09-01,W01,P017,526,218,0.89
2025-09-01,W01,P012,825,229,1.74
2025-09-01,W01,P056,151,42,0.22
2025-09-01,W01,P011,698,138,6.07
2025-09-01,W01,P002,38,20,0.08
2025-09-01,W01,P051,869,387,1.91
2025-09-01,W01,P045,53,20,0.18
2025-09-01,W01,P032,487,130,0.85
2025-09-01,W01,P054,172,52,0.24
2025-09-01,W01,P003,454,93,1.9
2025-09-01,W01,P009,73,20,1.12
2025-09-01,W01,P043,142,26,0.19
2025-09-01,W01,P001,256,112,0.45
2025-09-01,W01,P050,235,67,0.45
2025-09-01,W01,P029,396,128,0.81
2025-09-01,W01,P024,645,283,2.06
2025-09-01,W01,P010,514,227,0.86
2025-09-01,W01,P030,543,159,1.09
2025-09-01,W01,P035,730,146,0.98
2025-09-01,W01,P040,807,315,3.24
2025-09-01,W01,P020,526,210,0.77
2025-09-01,W01,P039,135,56,0.22
2025-09-01,W01,P058,463,189,4.56
2025-09-01,W01,P004,393,90,0.64
2025-09-01,W01,P052,738,236,1.25
2025-09-01,W01,P007,538,231,1.1
2025-09-01,W01,P053,745,243,2.29
2025-09-01,W01,P057,143,43,0.3
2025-09-01,W01,P037,41,20,0.07
2025-09-01,W01,P018,246,103,0.71
2025-09-01,W01,P026,620,134,0.94
2025-09-01,W01,P013,381,97,1.49
2025-09-01,W01,P006,141,48,1.63
2025-09-01,W01,P027,425,190,1.13
2025-09-01,W01,P016,244,46,2.21
2025-09-01,W01,P041,471,127,3.27
2025-09-01,W01,P023,196,73,0.28
2025-09-01,W01,P046,706,299,0.97
2025-09-01,W01,P031,313,70,0.64
2025-09-01,W01,P055,242,69,0.59
2025-09-01,W01,P021,378,117,1.41
2025-09-01,W01,P022,518,212,0.91
2025-09-01,W01,P015,382,159,0.77
2025-09-01,W01,P042,410,172,0.99
2025-09-01,W01,P008,529,155,1.19
2025-09-01,W02,P030,735,192,1.76
2025-09-01,W02,P005,857,218,2.06
2025-09-01,W02,P053,841,182,9.64
2025-09-01,W02,P019,260,110,1.29
2025-09-01,W02,P010,68,29,0.18
2025-09-01,W02,P020,480,215,1.39
2025-09-01,W02,P008,836,283,11.86
2025-09-01,W02,P032,193,62,0.33
2025-09-01,W02,P031,180,67,0.42
2025-09-01,W02,P002,332,104,0.9
2025-09-01,W02,P044,134,24,1.3
2025-09-01,W02,P003,287,125,0.78
2025-09-01,W02,P047,161,68,0.53
2025-09-01,W02,P046,559,199,2.46
2025-09-01,W02,P025,36,20,0.27
2025-09-01,W02,P056,686,295,1.08
2025-09-01,W02,P058,854,305,2.38
2025-09-01,W02,P018,414,180,4.53
2025-09-01,W02,P016,621,265,2.38
2025-09-01,W02,P038,658,179,6.25
2025-09-01,W02,P039,605,150,1.23
2025-09-01,W02,P045,889,262,2.49
2025-09-01,W02,P043,597,208,2.22
2025-09-01,W02,P021,493,123,4.32
2025-09-01,W02,P051,463,167,1.49
2025-09-01,W02,P011,283,71,0.39
2025-09-01,W02,P057,248,75,0.62
2025-09-01,W02,P052,608,126,5.99
2025-09-01,W02,P049,222,40,0.45
2025-09-01,W02,P055,741,247,3.52
2025-09-01,W02,P059,713,178,1.44
2025-09-01,W02,P013,753,311,1.59
2025-09-01,W02,P015,353,78,0.7
2025-09-01,W02,P023,84,31,0.17
2025-09-01,W02,P036,98,27,0.18
2025-09-01,W02,P041,838,275,7.0
2025-09-01,W02,P029,891,219,1.2
2025-09-01,W02,P048,402,118,0.69
2025-09-01,W02,P033,661,231,0.9
2025-09-01,W02,P054,463,143,0.74
2025-09-01,W02,P009,0,62,0.0
2025-09-01,W02,P026,0,121,0.0
2025-09-01,W02,P040,768,250,7.26
2025-09-01,W02,P037,831,190,7.8
2025-09-01,W02,P050,492,180,0.77
2025-09-01,W02,P028,291,60,0.52
2025-09-01,W02,P004,672,219,3.86
2025-09-01,W02,P001,151,51,0.25
2025-09-01,W02,P007,196,69,1.12
2025-09-01,W02,P022,526,120,1.3
2025-09-01,W02,P027,89,30,0.27
2025-09-01,W02,P042,886,344,2.18
2025-09-01,W02,P035,699,166,1.93
2025-09-01,W02,P034,104,40,0.21
2025-09-01,W02,P006,237,74,0.54
2025-09-01,W02,P012,886,304,1.35
2025-09-01,W02,P060,817,285,1.91
2025-09-01,W02,P017,718,213,1.66
2025-09-01,W02,P014,229,46,0.78
2025-09-01,W02,P024,398,161,0.92
2025-09-01,W03,P054,347,101,0.56
2025-09-01,W03,P027,614,254,0.95
2025-09-01,W03,P036,112,44,0.17
2025-09-01,W03,P025,860,197,1.41
2025-09-01,W03,P055,758,199,1.09
2025-09-01,W03,P038,776,345,1.66
2025-09-01,W03,P024,860,323,1.4
2025-09-01,W03,P035,528,109,1.03
2025-09-01,W03,P032,226,75,0.38
2025-09-01,W03,P050,856,369,1.87
2025-09-01,W03,P040,547,237,1.9
2025-09-01,W03,P033,700,206,1.03
2025-09-01,W03,P047,318,119,1.12
2025-09-01,W03,P031,349,86,1.74
2025-09-01,W03,P023,636,210,6.13
2025-09-01,W03,P044,31,20,0.05
2025-09-01,W03,P034,424,156,0.57
2025-09-01,W03,P045,420,84,1.57
2025-09-01,W03,P012,533,158,0.9
2025-09-01,W03,P029,755,214,12.26
2025-09-01,W03,P009,775,335,1.05
2025-09-01,W03,P005,237,96,0.32
2025-09-01,W03,P049,637,166,1.55
2025-09-01,W03,P021,691,146,1.59
2025-09-01,W03,P057,342,141,0.85
2025-09-01,W03,P022,98,20,0.23
2025-09-01,W03,P043,808,222,3.05
2025-09-01,W03,P041,282,105,0.61
2025-09-01,W03,P026,733,150,3.5
2025-09-01,W03,P030,659,264,5.63
2025-09-01,W03,P037,92,28,0.14
2025-09-01,W03,P010,503,114,2.75
2025-09-01,W03,P020,519,182,2.65
2025-09-01,W03,P058,506,208,2.02
2025-09-01,W03,P007,395,123,0.56
2025-09-01,W03,P060,84,21,0.15
2025-09-01,W03,P015,882,167,1.38
2025-09-01,W03,P059,783,159,1.57
2025-09-01,W03,P006,97,21,0.23
2025-09-01,W03,P004,97,20,0.27
2025-09-01,W03,P008,128,56,0.5
2025-09-01,W03,P014,514,152,7.31
2025-09-01,W03,P053,265,95,2.76
2025-09-01,W03,P052,192,70,2.42
2025-09-01,W03,P013,179,71,1.9
2025-09-01,W03,P028,611,135,5.08
2025-09-01,W03,P001,616,229,1.97
2025-09-01,W03,P048,128,52,0.27
2025-09-01,W03,P046,591,172,1.45
2025-09-01,W03,P018,448,149,3.79
2025-09-01,W03,P051,596,258,1.32
2025-09-01,W03,P017,815,210,2.18
2025-09-01,W03,P019,507,119,3.12
2025-09-01,W03,P003,329,146,1.69
2025-09-01,W03,P011,635,277,1.21
2025-09-01,W03,P056,560,246,1.2
2025-09-01,W03,P042,835,203,1.17
2025-09-01,W03,P016,515,148,0.71
2025-09-01,W03,P002,887,355,1.37
2025-09-01,W03,P039,0,307,0.0
2025-09-01,W04,P038,781,154,1.15
2025-09-01,W04,P022,665,242,1.33
2025-09-01,W04,P037,480,155,0.9
2025-09-01,W04,P040,471,126,0.71
2025-09-01,W04,P010,54,20,0.07
2025-09-01,W04,P029,177,42,1.61
2025-09-01,W04,P008,781,259,1.83
2025-09-01,W04,P011,388,156,1.17
2025-09-01,W04,P052,130,35,0.27
2025-09-01,W04,P033,192,36,0.48
2025-09-01,W04,P045,421,181,0.72
2025-09-01,W04,P020,634,283,1.24
2025-09-01,W04,P017,88,20,0.15
2025-09-01,W04,P031,62,20,0.32
2025-09-01,W04,P002,457,201,0.64
2025-09-01,W04,P024,284,60,0.61
2025-09-01,W04,P058,192,52,0.5
2025-09-01,W04,P019,595,249,4.31
2025-09-01,W04,P028,58,22,0.12
2025-09-01,W04,P049,0,268,0.0
2025-09-01,W04,P039,649,263,7.1
2025-09-01,W04,P023,555,108,1.02
2025-09-01,W04,P007,103,29,0.79
2025-09-01,W04,P014,76,20,0.55
2025-09-01,W04,P054,819,197,4.77
2025-09-01,W04,P044,671,216,1.05
2025-09-01,W04,P060,50,20,0.16
2025-09-01,W04,P041,401,170,1.27
2025-09-01,W04,P006,413,140,0.69
2025-09-01,W04,P021,741,256,3.11
2025-09-01,W04,P043,307,115,0.75
2025-09-01,W04,P015,587,239,2.19
2025-09-01,W04,P035,182,59,0.49
2025-09-01,W04,P034,410,97,1.8
2025-09-01,W04,P048,585,181,1.3
2025-09-01,W04,P026,431,138,0.76
2025-09-01,W04,P003,422,137,0.59
2025-09-01,W04,P046,632,133,1.25
2025-09-01,W04,P032,254,89,0.71
2025-09-01,W04,P055,314,77,0.89
2025-09-01,W04,P016,602,201,1.06
2025-09-01,W04,P001,405,121,0.63
2025-09-01,W04,P059,58,20,0.12
2025-09-01,W04,P025,798,221,1.64
2025-09-01,W04,P027,357,116,0.69
2025-09-01,W04,P047,582,237,2.26
2025-09-01,W04,P056,541,156,3.86
2025-09-01,W04,P036,192,68,0.67
2025-09-01,W04,P053,72,20,0.16
2025-09-01,W04,P004,46,20,0.08
2025-09-01,W04,P012,791,172,4.67
2025-09-01,W04,P050,698,163,5.01
2025-09-01,W04,P030,472,130,0.65
2025-09-01,W04,P005,276,76,0.61
2025-09-01,W04,P042,164,48,0.36
2025-09-01,W04,P013,382,169,0.65
2025-09-01,W04,P057,77,20,0.11
2025-09-01,W04,P018,867,159,1.58
2025-09-01,W04,P051,459,87,0.76
2025-09-01,W04,P009,35,20,0.21
2025-09-01,W05,P030,433,179,1.14
2025-09-01,W05,P047,317,98,0.61
2025-09-01,W05,P007,538,210,0.82
2025-09-01,W05,P019,195,42,0.93
2025-09-01,W05,P018,804,293,3.93
2025-09-01,W05,P058,473,131,0.88
2025-09-01,W05,P037,701,185,3.98
2025-09-01,W05,P055,721,264,2.66
2025-09-01,W05,P006,818,272,3.58
2025-09-01,W05,P048,130,44,0.21
2025-09-01,W05,P023,214,48,2.9
2025-09-01,W05,P049,535,233,1.13
2025-09-01,W05,P027,863,319,1.39
2025-09-01,W05,P015,48,20,0.24
2025-09-01,W05,P024,243,105,2.2
2025-09-01,W05,P012,427,163,0.61
2025-09-01,W05,P002,307,84,2.35
2025-09-01,W05,P033,775,289,2.12
2025-09-01,W05,P001,751,262,5.44
2025-09-01,W05,P025,429,191,0.72
2025-09-01,W05,P054,90,35,0.2
2025-09-01,W05,P020,837,166,2.71
2025-09-01,W05,P031,673,171,3.59
2025-09-01,W05,P003,0,81,0.0
2025-09-01,W05,P036,271,78,1.13
2025-09-01,W05,P004,778,217,2.02
2025-09-01,W05,P035,240,51,0.54
2025-09-01,W05,P022,876,272,2.27
2025-09-01,W05,P021,637,283,1.37
2025-09-01,W05,P050,599,113,6.96
2025-09-01,W05,P013,83,24,0.23
2025-09-01,W05,P010,276,73,0.63
2025-09-01,W05,P032,385,86,2.48
2025-09-01,W05,P008,192,72,1.17
2025-09-01,W05,P060,115,28,0.3
2025-09-01,W05,P059,50,20,0.11
2025-09-01,W05,P034,609,237,2.32
2025-09-01,W05,P053,530,191,0.88
2025-09-01,W05,P029,235,80,0.35
2025-09-01,W05,P014,528,164,1.9
2025-09-01,W05,P041,78,21,0.15
2025-09-01,W05,P028,194,72,0.55
2025-09-01,W05,P017,540,144,1.47
2025-09-01,W05,P051,865,243,6.07
2025-09-01,W05,P057,522,178,0.81
2025-09-01,W05,P045,137,42,0.62
2025-09-01,W05,P052,119,30,0.27
2025-09-01,W05,P009,588,124,1.03
2025-09-01,W05,P011,99,43,0.23
2025-09-01,W05,P040,405,114,4.04
2025-09-01,W05,P056,611,229,1.02
2025-09-01,W05,P016,865,287,1.18
2025-09-01,W05,P043,774,213,3.31
2025-09-01,W05,P038,863,251,4.13
2025-09-01,W05,P039,573,168,0.91
2025-09-01,W05,P042,270,116,0.79
2025-09-01,W05,P026,531,137,1.04
2025-09-01,W05,P005,862,233,5.09
2025-09-01,W05,P044,95,26,0.59
2025-09-01,W05,P046,273,64,0.52
2025-09-01,W06,P053,117,33,0.26
2025-09-01,W06,P051,674,132,7.41
2025-09-01,W06,P059,894,295,2.08
2025-09-01,W06,P018,319,99,0.61
2025-09-01,W06,P039,436,120,0.58
2025-09-01,W06,P043,405,153,0.61
2025-09-01,W06,P013,110,46,0.23
2025-09-01,W06,P001,337,112,1.3
2025-09-01,W06,P036,546,124,2.8
2025-09-01,W06,P023,240,64,0.61
2025-09-01,W06,P014,230,97,0.81
2025-09-01,W06,P049,504,221,0.68
2025-09-01,W06,P038,163,64,0.37
2025-09-01,W06,P010,616,184,3.07
2025-09-01,W06,P040,507,126,0.93
2025-09-01,W06,P015,513,99,0.78
2025-09-01,W06,P041,198,50,0.82
2025-09-01,W06,P027,0,174,0.0
2025-09-01,W06,P045,410,181,2.27
2025-09-01,W06,P055,72,27,0.12
2025-09-01,W06,P050,44,20,0.57
2025-09-01,W06,P026,460,144,0.96
2025-09-01,W06,P030,220,47,0.31
2025-09-01,W06,P019,49,20,0.09
2025-09-01,W06,P056,569,221,1.01
2025-09-01,W06,P042,603,145,1.25
2025-09-01,W06,P029,0,173,0.0
2025-09-01,W06,P047,303,108,1.33
2025-09-01,W06,P016,229,43,0.87
2025-09-01,W06,P034,262,58,1.82
2025-09-01,W06,P024,38,20,0.09
2025-09-01,W06,P007,277,120,0.4
2025-09-01,W06,P021,143,31,0.46
2025-09-01,W06,P011,334,114,1.16
2025-09-01,W06,P033,505,125,1.31
2025-09-01,W06,P035,609,213,0.83
2025-09-01,W06,P028,116,37,0.61
2025-09-01,W06,P048,786,214,9.7
2025-09-01,W06,P008,52,20,0.14
2025-09-01,W06,P009,571,207,1.31
2025-09-01,W06,P058,688,249,3.19
2025-09-01,W06,P020,128,39,0.23
2025-09-01,W06,P017,763,315,1.25
2025-09-01,W06,P025,412,123,0.91
2025-09-01,W06,P052,179,58,0.35
2025-09-01,W06,P005,671,291,2.21
2025-09-01,W06,P044,250,79,1.41
2025-09-01,W06,P031,338,61,0.67
2025-09-01,W06,P022,733,221,1.05
2025-09-01,W06,P032,359,113,0.72
2025-09-01,W06,P037,279,103,0.75
2025-09-01,W06,P012,617,181,1.17
2025-09-01,W06,P006,210,58,1.53
2025-09-01,W06,P004,76,23,0.15
2025-09-01,W06,P046,454,83,0.69
2025-09-01,W06,P057,86,37,0.36
2025-09-01,W06,P054,323,131,0.49
2025-09-01,W06,P002,568,221,1.89
2025-09-01,W06,P060,303,100,0.62
2025-09-01,W06,P003,332,64,0.5
2025-09-01,W07,P004,474,192,1.04
2025-09-01,W07,P018,108,46,0.25
2025-09-01,W07,P013,552,216,0.74
2025-09-01,W07,P003,726,308,1.42
2025-09-01,W07,P024,133,49,0.18
2025-09-01,W07,P056,469,173,0.94
2025-09-01,W07,P011,480,92,2.33
2025-09-01,W07,P026,603,135,0.89
2025-09-01,W07,P014,605,270,8.51
2025-09-01,W07,P005,827,354,1.99
2025-09-01,W07,P031,351,138,0.5
2025-09-01,W07,P029,381,139,1.01
2025-09-01,W07,P052,696,149,1.04
2025-09-01,W07,P028,371,69,1.95
2025-09-01,W07,P034,177,43,0.37
2025-09-01,W07,P033,0,27,0.0
2025-09-01,W07,P038,353,147,2.04
2025-09-01,W07,P050,614,160,1.89
2025-09-01,W07,P042,551,112,1.15
2025-09-01,W07,P053,263,89,1.18
2025-09-01,W07,P006,106,36,0.29
2025-09-01,W07,P015,679,145,1.16
2025-09-01,W07,P044,636,188,1.34
2025-09-01,W07,P059,79,25,0.59
2025-09-01,W07,P057,384,70,1.3
2025-09-01,W07,P016,726,195,1.96
2025-09-01,W07,P037,474,200,0.94
2025-09-01,W07,P009,278,97,1.21
2025-09-01,W07,P035,453,95,1.07
2025-09-01,W07,P046,391,150,1.34
2025-09-01,W07,P025,156,59,0.68
2025-09-01,W07,P039,849,187,1.55
2025-09-01,W07,P022,896,168,3.83
2025-09-01,W07,P058,379,115,0.69
2025-09-01,W07,P055,62,25,0.11
2025-09-01,W07,P021,734,162,1.27
2025-09-01,W07,P007,521,105,1.23
2025-09-01,W07,P047,753,137,2.93
2025-09-01,W07,P008,810,155,1.17
2025-09-01,W07,P032,833,328,2.35
2025-09-01,W07,P012,797,251,1.37
2025-09-01,W07,P045,467,112,0.79
2025-09-01,W07,P060,162,46,0.64
2025-09-01,W07,P051,725,140,1.3
2025-09-01,W07,P030,697,183,1.39
2025-09-01,W07,P023,174,35,2.34
2025-09-01,W07,P049,375,151,0.64
2025-09-01,W07,P010,54,20,0.08
2025-09-01,W07,P054,862,198,1.31
2025-09-01,W07,P019,602,189,1.22
2025-09-01,W07,P048,836,361,1.41
2025-09-01,W07,P001,378,74,0.71
2025-09-01,W07,P043,319,64,0.44
2025-09-01,W07,P041,0,196,0.0
2025-09-01,W07,P027,775,210,1.97
2025-09-01,W07,P020,438,153,1.06
2025-09-01,W07,P002,859,198,3.11
2025-09-01,W07,P017,287,102,0.89
2025-09-01,W07,P036,889,308,1.96
2025-09-01,W07,P040,192,41,0.81
2025-09-01,W08,P035,161,51,0.69
2025-09-01,W08,P003,241,72,2.26
2025-09-01,W08,P004,293,80,0.52
2025-09-01,W08,P005,176,78,0.25
2025-09-01,W08,P015,585,109,0.8
2025-09-01,W08,P018,781,267,1.05
2025-09-01,W08,P046,183,57,0.69
2025-09-01,W08,P028,816,310,1.87
2025-09-01,W08,P058,479,214,1.15
2025-09-01,W08,P050,260,99,0.66
2025-09-01,W08,P036,198,61,0.66
2025-09-01,W08,P039,844,242,11.28
2025-09-01,W08,P032,240,107,0.84
2025-09-01,W08,P022,505,108,2.34
2025-09-01,W08,P059,485,124,2.69
2025-09-01,W08,P041,753,234,1.04
2025-09-01,W08,P049,97,29,0.22
2025-09-01,W08,P027,200,88,1.03
2025-09-01,W08,P051,536,110,1.76
2025-09-01,W08,P040,388,165,0.95
2025-09-01,W08,P024,883,194,2.66
2025-09-01,W08,P053,275,65,0.48
2025-09-01,W08,P025,292,106,1.14
2025-09-01,W08,P037,187,80,2.95
2025-09-01,W08,P029,157,39,0.54
2025-09-01,W08,P002,50,20,0.21
2025-09-01,W08,P014,723,214,3.41
2025-09-01,W08,P008,76,29,0.32
2025-09-01,W08,P048,281,55,1.57
2025-09-01,W08,P055,284,80,0.84
2025-09-01,W08,P033,329,75,0.51
2025-09-01,W08,P001,178,59,0.87
2025-09-01,W08,P016,789,272,1.3
2025-09-01,W08,P023,117,49,0.16
2025-09-01,W08,P009,197,39,0.28
2025-09-01,W08,P042,332,67,1.45
2025-09-01,W08,P011,130,52,0.28
2025-09-01,W08,P012,247,71,1.56
2025-09-01,W08,P017,554,212,1.86
2025-09-01,W08,P045,804,351,2.02
2025-09-01,W08,P026,518,192,0.98
2025-09-01,W08,P031,705,222,1.17
2025-09-01,W08,P007,275,83,1.37
2025-09-01,W08,P030,250,73,1.07
2025-09-01,W08,P056,211,51,0.6
2025-09-01,W08,P020,870,333,2.67
2025-09-01,W08,P021,241,72,1.26
2025-09-01,W08,P010,129,31,0.29
2025-09-01,W08,P006,606,252,1.46
2025-09-01,W08,P013,863,380,1.85
2025-09-01,W08,P054,727,233,1.53
2025-09-01,W08,P052,877,160,1.22
2025-09-01,W08,P038,320,90,0.49
2025-09-01,W08,P043,844,167,9.69
2025-09-01,W08,P057,273,117,0.75
2025-09-01,W08,P034,814,329,5.09
2025-09-01,W08,P044,44,20,0.06
2025-09-01,W08,P060,537,141,6.03
2025-09-01,W08,P047,502,151,1.61
2025-09-01,W08,P019,564,119,1.23
2025-10-01,W01,P009,297,55,0.96
2025-10-01,W01,P018,92,31,0.16
2025-10-01,W01,P033,315,94,2.1
2025-10-01,W01,P047,482,116,0.9
2025-10-01,W01,P029,828,198,1.13
2025-10-01,W01,P052,565,117,0.85
2025-10-01,W01,P035,625,156,1.59
2025-10-01,W01,P015,402,133,1.1
2025-10-01,W01,P054,840,165,3.17
2025-10-01,W01,P002,293,117,0.91
2025-10-01,W01,P019,521,195,1.33
2025-10-01,W01,P049,472,209,3.51
2025-10-01,W01,P014,0,22,0.0
2025-10-01,W01,P041,872,266,7.16
2025-10-01,W01,P011,349,148,1.32
2025-10-01,W01,P051,852,321,1.85
2025-10-01,W01,P028,426,137,0.8
2025-10-01,W01,P020,337,123,1.79
2025-10-01,W01,P039,811,214,1.42
2025-10-01,W01,P046,680,288,1.48
2025-10-01,W01,P037,709,218,2.22
2025-10-01,W01,P060,299,82,0.59
2025-10-01,W01,P021,630,140,0.87
2025-10-01,W01,P043,591,115,2.07
2025-10-01,W01,P053,815,316,5.44
2025-10-01,W01,P048,680,191,1.04
2025-10-01,W01,P003,136,54,0.77
2025-10-01,W01,P022,472,161,2.74
2025-10-01,W01,P004,192,78,0.28
2025-10-01,W01,P036,139,46,0.23
2025-10-01,W01,P031,704,259,1.26
2025-10-01,W01,P017,632,187,2.18
2025-10-01,W01,P042,535,109,1.57
2025-10-01,W01,P008,756,203,1.07
2025-10-01,W01,P058,227,100,0.72
2025-10-01,W01,P026,122,50,0.22
2025-10-01,W01,P023,326,131,0.54
2025-10-01,W01,P007,871,281,2.23
2025-10-01,W01,P006,803,315,1.67
2025-10-01,W01,P010,208,76,0.42
2025-10-01,W01,P044,361,93,0.72
2025-10-01,W01,P024,69,20,0.12
2025-10-01,W01,P032,376,109,3.59
2025-10-01,W01,P040,610,264,0.88
2025-10-01,W01,P030,519,122,1.16
2025-10-01,W01,P038,279,101,0.49
2025-10-01,W01,P057,73,25,0.12
2025-10-01,W01,P001,345,124,2.19
2025-10-01,W01,P055,530,96,1.32
2025-10-01,W01,P034,579,161,1.24
2025-10-01,W01,P050,318,83,1.19
2025-10-01,W01,P013,757,170,6.87
2025-10-01,W01,P005,813,359,1.16
2025-10-01,W01,P059,253,71,0.48
2025-10-01,W01,P012,347,107,3.01
2025-10-01,W01,P045,774,268,4.82
2025-10-01,W01,P016,250,82,0.47
2025-10-01,W01,P025,119,23,0.48
2025-10-01,W01,P027,417,110,2.43
2025-10-01,W01,P056,567,102,1.3
2025-10-01,W02,P034,776,156,1.07
2025-10-01,W02,P045,78,20,0.11
2025-10-01,W02,P022,377,78,0.56
2025-10-01,W02,P010,817,341,11.77
2025-10-01,W02,P042,870,217,4.65
2025-10-01,W02,P026,165,72,0.32
2025-10-01,W02,P060,219,83,0.32
2025-10-01,W02,P046,151,55,0.26
2025-10-01,W02,P038,806,215,3.22
2025-10-01,W02,P032,325,109,1.9
2025-10-01,W02,P041,351,151,0.92
2025-10-01,W02,P047,37,20,0.18
2025-10-01,W02,P009,256,69,0.47
2025-10-01,W02,P058,324,94,0.65
2025-10-01,W02,P035,219,93,0.59
2025-10-01,W02,P011,161,66,0.23
2025-10-01,W02,P013,712,170,3.05
2025-10-01,W02,P050,125,55,0.4
2025-10-01,W02,P052,831,304,2.2
2025-10-01,W02,P004,545,187,1.14
2025-10-01,W02,P021,454,142,1.08
2025-10-01,W02,P031,354,79,1.12
2025-10-01,W02,P036,215,40,0.38
2025-10-01,W02,P007,149,43,0.77
2025-10-01,W02,P051,79,21,0.2
2025-10-01,W02,P017,687,195,2.12
2025-10-01,W02,P005,64,21,0.32
2025-10-01,W02,P059,271,95,1.87
2025-10-01,W02,P002,292,112,1.01
2025-10-01,W02,P027,304,58,1.25
2025-10-01,W02,P056,161,29,0.66
2025-10-01,W02,P054,143,63,0.38
2025-10-01,W02,P015,0,20,0.0
2025-10-01,W02,P008,578,168,1.67
2025-10-01,W02,P044,741,249,1.37
2025-10-01,W02,P028,786,142,10.37
2025-10-01,W02,P037,310,63,0.5
2025-10-01,W02,P043,645,259,1.2
2025-10-01,W02,P014,299,99,0.69
2025-10-01,W02,P006,0,20,0.0
2025-10-01,W02,P020,425,93,2.59
2025-10-01,W02,P023,568,135,6.72
2025-10-01,W02,P001,865,214,3.99
2025-10-01,W02,P029,34,20,0.06
2025-10-01,W02,P019,298,80,0.77
2025-10-01,W02,P049,653,184,2.7
2025-10-01,W02,P012,600,174,0.99
2025-10-01,W02,P033,534,101,1.38
2025-10-01,W02,P016,758,273,1.67
2025-10-01,W02,P055,0,325,0.0
2025-10-01,W02,P025,277,89,0.96
2025-10-01,W02,P048,791,205,2.62
2025-10-01,W02,P030,287,113,0.5
2025-10-01,W02,P039,841,374,1.17
2025-10-01,W02,P018,57,21,0.23
2025-10-01,W02,P003,359,143,3.58
2025-10-01,W02,P053,786,188,5.25
2025-10-01,W02,P040,795,345,1.13
2025-10-01,W02,P024,888,377,2.46
2025-10-01,W02,P057,884,221,2.91
2025-10-01,W03,P041,399,89,2.55
2025-10-01,W03,P001,224,72,0.6
2025-10-01,W03,P007,167,61,0.23
2025-10-01,W03,P060,42,20,0.17
2025-10-01,W03,P025,94,30,0.18
2025-10-01,W03,P044,254,47,0.42
2025-10-01,W03,P009,697,292,2.23
2025-10-01,W03,P058,581,212,1.45
2025-10-01,W03,P026,69,20,0.59
2025-10-01,W03,P018,136,52,0.32
2025-10-01,W03,P010,736,204,2.28
2025-10-01,W03,P036,896,373,5.05
2025-10-01,W03,P055,313,83,0.51
2025-10-01,W03,P014,669,211,2.59
2025-10-01,W03,P059,762,149,1.04
2025-10-01,W03,P056,689,302,1.71
2025-10-01,W03,P012,255,66,0.51
2025-10-01,W03,P040,896,179,2.23
2025-10-01,W03,P045,735,222,1.97
2025-10-01,W03,P017,487,91,1.04
2025-10-01,W03,P031,312,82,1.3
2025-10-01,W03,P011,285,69,0.4
2025-10-01,W03,P054,255,113,0.43
2025-10-01,W03,P043,40,20,0.08
2025-10-01,W03,P050,574,213,1.02
2025-10-01,W03,P046,758,210,2.81
2025-10-01,W03,P042,406,133,0.84
2025-10-01,W03,P008,595,215,0.96
2025-10-01,W03,P034,801,309,1.22
2025-10-01,W03,P003,507,213,1.19
2025-10-01,W03,P021,286,80,3.6
2025-10-01,W03,P013,146,51,0.2
2025-10-01,W03,P032,480,111,1.57
2025-10-01,W03,P029,143,64,0.19
2025-10-01,W03,P016,145,63,0.22
2025-10-01,W03,P020,771,216,2.13
2025-10-01,W03,P048,333,117,1.2
2025-10-01,W03,P053,695,169,5.21
2025-10-01,W03,P015,643,122,3.41
2025-10-01,W03,P035,31,20,0.04
2025-10-01,W03,P005,365,157,2.45
2025-10-01,W03,P002,495,176,0.78
2025-10-01,W03,P019,296,115,1.15
2025-10-01,W03,P052,344,101,0.62
2025-10-01,W03,P051,163,31,1.98
2025-10-01,W03,P038,885,276,2.32
2025-10-01,W03,P004,693,222,1.11
2025-10-01,W03,P039,33,20,0.06
2025-10-01,W03,P057,869,370,1.17
2025-10-01,W03,P030,463,200,1.02
2025-10-01,W03,P027,403,108,1.2
2025-10-01,W03,P028,174,60,0.27
2025-10-01,W03,P024,565,185,0.82
2025-10-01,W03,P049,617,222,1.77
2025-10-01,W03,P037,35,20,0.21
2025-10-01,W03,P033,149,43,0.74
2025-10-01,W03,P006,82,20,0.13
2025-10-01,W03,P022,50,20,0.09
2025-10-01,W03,P023,439,97,0.66
2025-10-01,W03,P047,875,317,3.74
2025-10-01,W04,P026,448,167,1.13
2025-10-01,W04,P035,85,33,0.54
2025-10-01,W04,P007,570,218,1.21
2025-10-01,W04,P016,295,56,1.45
2025-10-01,W04,P043,574,132,3.13
2025-10-01,W04,P022,326,122,1.02
2025-10-01,W04,P012,413,172,1.92
2025-10-01,W04,P051,327,139,1.5
2025-10-01,W04,P031,0,71,0.0
2025-10-01,W04,P044,204,79,0.81
2025-10-01,W04,P048,624,188,1.76
2025-10-01,W04,P052,793,209,2.12
2025-10-01,W04,P010,61,20,0.09
2025-10-01,W04,P053,73,23,0.15
2025-10-01,W04,P033,62,25,0.3
2025-10-01,W04,P032,725,176,2.59
2025-10-01,W04,P028,114,36,0.31
2025-10-01,W04,P017,635,153,1.11
2025-10-01,W04,P013,457,167,1.87
2025-10-01,W04,P019,672,280,3.65
2025-10-01,W04,P030,567,170,0.9
2025-10-01,W04,P060,117,21,0.18
2025-10-01,W04,P041,869,168,3.12
2025-10-01,W04,P038,744,207,1.09
2025-10-01,W04,P027,475,116,2.97
2025-10-01,W04,P029,629,245,0.92
2025-10-01,W04,P036,31,20,0.07
2025-10-01,W04,P005,663,258,1.5
2025-10-01,W04,P024,416,92,2.47
2025-10-01,W04,P040,619,207,1.01
2025-10-01,W04,P002,591,252,1.25
2025-10-01,W04,P021,573,158,2.52
2025-10-01,W04,P054,318,129,0.45
2025-10-01,W04,P037,458,134,0.67
2025-10-01,W04,P034,563,155,0.84
2025-10-01,W04,P049,781,290,1.12
2025-10-01,W04,P047,838,347,1.74
2025-10-01,W04,P025,897,294,1.22
2025-10-01,W04,P009,451,116,0.63
2025-10-01,W04,P042,676,209,3.47
2025-10-01,W04,P023,121,47,0.33
2025-10-01,W04,P008,885,296,1.23
2025-10-01,W04,P004,437,136,1.06
2025-10-01,W04,P046,486,139,0.84
2025-10-01,W04,P056,421,120,4.28
2025-10-01,W04,P057,262,105,0.66
2025-10-01,W04,P055,774,256,2.97
2025-10-01,W04,P039,500,126,1.59
2025-10-01,W04,P006,66,20,0.1
2025-10-01,W04,P059,158,54,0.22
2025-10-01,W04,P015,132,30,0.29
2025-10-01,W04,P003,803,267,1.23
2025-10-01,W04,P045,897,174,2.33
2025-10-01,W04,P018,452,110,6.54
2025-10-01,W04,P014,398,145,0.98
2025-10-01,W04,P011,596,167,2.53
2025-10-01,W04,P001,583,225,3.1
2025-10-01,W04,P020,737,193,3.08
2025-10-01,W04,P058,845,322,4.29
2025-10-01,W04,P050,567,158,2.66
2025-10-01,W05,P034,296,115,0.95
2025-10-01,W05,P056,691,269,1.22
2025-10-01,W05,P012,430,92,0.71
2025-10-01,W05,P050,697,161,2.95
2025-10-01,W05,P025,430,101,0.97
2025-10-01,W05,P055,544,130,0.91
2025-10-01,W05,P058,884,359,2.85
2025-10-01,W05,P027,373,154,2.4
2025-10-01,W05,P021,581,180,2.49
2025-10-01,W05,P057,761,233,3.05
2025-10-01,W05,P040,266,95,1.24
2025-10-01,W05,P042,675,175,1.5
2025-10-01,W05,P043,111,33,0.19
2025-10-01,W05,P041,63,20,0.15
2025-10-01,W05,P038,876,245,1.78
2025-10-01,W05,P002,698,175,1.27
2025-10-01,W05,P054,93,29,0.47
2025-10-01,W05,P008,324,86,1.08
2025-10-01,W05,P013,809,160,2.56
2025-10-01,W05,P028,492,141,1.06
2025-10-01,W05,P045,771,304,1.37
2025-10-01,W05,P048,724,222,1.37
2025-10-01,W05,P015,831,289,1.46
2025-10-01,W05,P029,706,235,1.46
2025-10-01,W05,P031,242,62,0.72
2025-10-01,W05,P051,819,193,1.2
2025-10-01,W05,P011,610,248,4.0
2025-10-01,W05,P020,581,130,5.67
2025-10-01,W05,P047,0,78,0.0
2025-10-01,W05,P001,741,231,1.25
2025-10-01,W05,P033,0,269,0.0
2025-10-01,W05,P005,151,44,1.3
2025-10-01,W05,P010,610,164,7.83
2025-10-01,W05,P017,509,160,3.86
2025-10-01,W05,P026,499,96,1.08
2025-10-01,W05,P049,390,110,1.09
2025-10-01,W05,P030,680,224,1.71
2025-10-01,W05,P035,212,70,0.85
2025-10-01,W05,P023,265,116,0.8
2025-10-01,W05,P060,870,377,1.69
2025-10-01,W05,P007,136,29,0.35
2025-10-01,W05,P059,328,113,1.14
2025-10-01,W05,P053,611,254,1.46
2025-10-01,W05,P016,114,42,0.77
2025-10-01,W05,P036,774,345,1.52
2025-10-01,W05,P032,64,25,0.52
2025-10-01,W05,P014,839,333,1.22
2025-10-01,W05,P024,184,60,0.38
2025-10-01,W05,P052,417,178,1.79
2025-10-01,W05,P022,868,183,3.22
2025-10-01,W05,P046,290,65,0.39
2025-10-01,W05,P004,33,20,0.09
2025-10-01,W05,P019,145,39,0.34
2025-10-01,W05,P039,61,20,0.11
2025-10-01,W05,P003,495,127,0.74
2025-10-01,W05,P037,310,78,0.72
2025-10-01,W05,P006,841,278,1.49
2025-10-01,W05,P018,252,92,1.16
2025-10-01,W05,P044,715,220,0.99
2025-10-01,W05,P009,433,163,0.99
2025-10-01,W06,P011,434,175,1.54
2025-10-01,W06,P045,454,121,2.69
2025-10-01,W06,P047,846,359,1.76
2025-10-01,W06,P048,223,76,1.18
2025-10-01,W06,P051,626,280,1.77
2025-10-01,W06,P031,96,24,0.3
2025-10-01,W06,P057,529,199,0.82
2025-10-01,W06,P019,846,338,1.8
2025-10-01,W06,P042,51,20,0.07
2025-10-01,W06,P033,74,26,0.23
2025-10-01,W06,P024,852,318,1.68
2025-10-01,W06,P015,892,168,1.55
2025-10-01,W06,P056,145,38,0.26
2025-10-01,W06,P052,509,186,1.65
2025-10-01,W06,P005,433,80,0.86
2025-10-01,W06,P032,135,30,0.33
2025-10-01,W06,P054,36,20,0.11
2025-10-01,W06,P017,631,233,1.46
2025-10-01,W06,P060,787,172,1.32
2025-10-01,W06,P041,696,301,3.7
2025-10-01,W06,P026,792,152,1.51
2025-10-01,W06,P010,159,63,0.24
2025-10-01,W06,P013,292,98,0.47
2025-10-01,W06,P037,625,226,3.16
2025-10-01,W06,P058,673,266,2.63
2025-10-01,W06,P039,605,264,3.73
2025-10-01,W06,P014,287,62,0.88
2025-10-01,W06,P029,81,35,0.15
2025-10-01,W06,P001,287,97,1.15
2025-10-01,W06,P036,446,156,1.28
2025-10-01,W06,P009,659,201,1.55
2025-10-01,W06,P055,0,79,0.0
2025-10-01,W06,P046,258,93,0.39
2025-10-01,W06,P040,482,109,0.95
2025-10-01,W06,P022,461,130,0.91
2025-10-01,W06,P028,267,92,0.6
2025-10-01,W06,P002,627,226,2.07
2025-10-01,W06,P027,201,64,0.3
2025-10-01,W06,P012,429,168,1.03
2025-10-01,W06,P008,468,151,0.94
2025-10-01,W06,P044,499,170,1.05
2025-10-01,W06,P059,242,95,1.13
2025-10-01,W06,P038,205,37,1.49
2025-10-01,W06,P049,249,102,0.47
2025-10-01,W06,P023,505,221,6.11
2025-10-01,W06,P016,450,183,0.85
2025-10-01,W06,P007,37,20,0.45
2025-10-01,W06,P025,519,162,2.9
2025-10-01,W06,P004,206,50,0.34
2025-10-01,W06,P020,822,325,1.79
2025-10-01,W06,P053,492,141,4.01
2025-10-01,W06,P021,515,222,1.04
2025-10-01,W06,P030,269,120,0.6
2025-10-01,W06,P035,755,253,1.2
2025-10-01,W06,P006,742,301,1.96
2025-10-01,W06,P003,247,56,0.85
2025-10-01,W06,P034,878,353,2.41
2025-10-01,W06,P050,505,145,0.9
2025-10-01,W06,P043,567,120,2.37
2025-10-01,W06,P018,30,20,0.06
2025-10-01,W07,P053,518,207,2.19
2025-10-01,W07,P060,481,149,1.83
2025-10-01,W07,P044,331,97,0.53
2025-10-01,W07,P018,781,348,3.15
2025-10-01,W07,P030,776,168,1.27
2025-10-01,W07,P025,696,306,4.5
2025-10-01,W07,P050,281,113,0.55
2025-10-01,W07,P013,427,119,4.66
2025-10-01,W07,P024,380,136,3.14
2025-10-01,W07,P046,655,140,1.79
2025-10-01,W07,P041,159,57,0.23
2025-10-01,W07,P058,393,107,1.42
2025-10-01,W07,P040,546,117,0.78
2025-10-01,W07,P035,677,279,1.66
2025-10-01,W07,P055,725,218,1.44
2025-10-01,W07,P054,356,79,0.73
2025-10-01,W07,P034,803,296,2.09
2025-10-01,W07,P014,465,158,0.63
2025-10-01,W07,P052,834,320,1.35
2025-10-01,W07,P015,106,42,0.19
2025-10-01,W07,P002,889,243,1.72
2025-10-01,W07,P033,124,33,0.34
2025-10-01,W07,P048,145,60,0.43
2025-10-01,W07,P017,151,65,0.21
2025-10-01,W07,P045,419,101,0.71
2025-10-01,W07,P021,379,135,0.61
2025-10-01,W07,P056,757,193,1.49
2025-10-01,W07,P022,560,219,5.14
2025-10-01,W07,P012,632,160,1.91
2025-10-01,W07,P059,880,221,1.95
2025-10-01,W07,P016,535,147,4.19
2025-10-01,W07,P004,860,361,1.19
2025-10-01,W07,P042,199,77,1.61
2025-10-01,W07,P011,694,278,2.39
2025-10-01,W07,P008,428,78,1.66
2025-10-01,W07,P001,187,36,0.87
2025-10-01,W07,P019,362,140,0.61
2025-10-01,W07,P026,630,266,1.12
2025-10-01,W07,P036,537,182,0.88
2025-10-01,W07,P020,32,20,0.08
2025-10-01,W07,P006,401,110,4.22
2025-10-01,W07,P003,176,43,0.3
2025-10-01,W07,P005,472,183,0.82
2025-10-01,W07,P057,683,245,1.56
2025-10-01,W07,P023,688,216,1.15
2025-10-01,W07,P047,753,335,5.99
2025-10-01,W07,P037,733,156,1.15
2025-10-01,W07,P031,808,177,9.43
2025-10-01,W07,P007,203,70,1.05
2025-10-01,W07,P028,428,179,0.67
2025-10-01,W07,P010,150,43,0.21
2025-10-01,W07,P029,894,293,3.67
2025-10-01,W07,P043,451,162,1.07
2025-10-01,W07,P039,0,84,0.0
2025-10-01,W07,P027,701,176,1.03
2025-10-01,W07,P009,725,189,1.39
2025-10-01,W07,P032,660,270,3.05
2025-10-01,W07,P049,205,48,0.37
2025-10-01,W07,P051,702,182,2.92
2025-10-01,W07,P038,83,35,0.71
2025-10-01,W08,P006,365,120,0.5
2025-10-01,W08,P015,305,72,3.61
2025-10-01,W08,P024,542,100,0.87
2025-10-01,W08,P057,130,53,0.29
2025-10-01,W08,P007,154,35,0.46
2025-10-01,W08,P022,398,87,1.33
2025-10-01,W08,P001,299,120,0.45
2025-10-01,W08,P044,202,79,0.78
2025-10-01,W08,P013,580,121,1.24
2025-10-01,W08,P025,209,74,0.41
2025-10-01,W08,P058,741,245,2.95
2025-10-01,W08,P023,828,342,2.28
2025-10-01,W08,P049,105,33,0.91
2025-10-01,W08,P004,320,123,2.79
2025-10-01,W08,P034,208,63,0.89
2025-10-01,W08,P028,613,178,0.92
2025-10-01,W08,P052,0,201,0.0
2025-10-01,W08,P018,769,277,2.12
2025-10-01,W08,P051,831,275,2.58
2025-10-01,W08,P012,180,56,0.77
2025-10-01,W08,P054,241,103,0.52
2025-10-01,W08,P010,290,100,0.42
2025-10-01,W08,P017,689,163,1.2
2025-10-01,W08,P040,581,139,1.31
2025-10-01,W08,P043,289,55,0.39
2025-10-01,W08,P016,318,64,0.69
2025-10-01,W08,P055,169,44,1.31
2025-10-01,W08,P060,360,120,0.53
2025-10-01,W08,P030,865,163,2.9
2025-10-01,W08,P014,279,111,2.63
2025-10-01,W08,P035,759,334,1.29
2025-10-01,W08,P033,192,40,0.36
2025-10-01,W08,P029,235,102,0.32
2025-10-01,W08,P005,487,135,1.01
2025-10-01,W08,P019,780,198,1.17
2025-10-01,W08,P039,630,222,0.87
2025-10-01,W08,P042,631,219,0.97
2025-10-01,W08,P038,836,260,5.65
2025-10-01,W08,P008,82,20,0.31
2025-10-01,W08,P009,252,66,0.45
2025-10-01,W08,P047,329,65,1.06
2025-10-01,W08,P011,207,76,1.83
2025-10-01,W08,P050,315,91,0.45
2025-10-01,W08,P048,624,149,0.85
2025-10-01,W08,P037,868,305,1.97
2025-10-01,W08,P053,812,235,2.3
2025-10-01,W08,P027,768,169,1.56
2025-10-01,W08,P036,391,117,1.01
2025-10-01,W08,P020,408,151,1.12
2025-10-01,W08,P026,859,156,2.75
2025-10-01,W08,P031,491,195,1.83
2025-10-01,W08,P021,158,32,0.26
2025-10-01,W08,P045,811,293,2.0
2025-10-01,W08,P041,813,146,1.2
2025-10-01,W08,P046,564,224,3.55
2025-10-01,W08,P003,487,144,1.03
2025-10-01,W08,P056,724,268,1.16
2025-10-01,W08,P032,749,314,1.4
2025-10-01,W08,P002,106,23,0.21
2025-10-01,W08,P059,485,152,1.25
2025-11-01,W01,P050,837,195,3.86
2025-11-01,W01,P017,359,65,1.18
2025-11-01,W01,P012,298,76,4.9
2025-11-01,W01,P045,861,251,1.57
2025-11-01,W01,P058,655,223,1.35
2025-11-01,W01,P028,576,143,0.87
2025-11-01,W01,P009,574,205,6.24
2025-11-01,W01,P002,722,196,2.16
2025-11-01,W01,P042,110,24,0.33
2025-11-01,W01,P041,701,152,1.38
2025-11-01,W01,P039,297,77,1.07
2025-11-01,W01,P052,534,225,1.79
2025-11-01,W01,P033,285,89,1.21
2025-11-01,W01,P043,274,80,0.52
2025-11-01,W01,P020,268,108,0.5
2025-11-01,W01,P008,546,223,1.24
2025-11-01,W01,P038,730,244,1.36
2025-11-01,W01,P025,436,115,1.3
2025-11-01,W01,P037,33,20,0.21
2025-11-01,W01,P055,567,205,0.8
2025-11-01,W01,P001,276,90,3.22
2025-11-01,W01,P016,263,101,0.37
2025-11-01,W01,P056,484,123,2.35
2025-11-01,W01,P048,599,189,2.97
2025-11-01,W01,P004,160,66,0.56
2025-11-01,W01,P057,581,215,2.27
2025-11-01,W01,P053,490,216,4.87
2025-11-01,W01,P003,590,171,2.63
2025-11-01,W01,P051,119,24,1.36
2025-11-01,W01,P006,101,42,0.17
2025-11-01,W01,P035,827,186,1.18
2025-11-01,W01,P014,866,320,2.02
2025-11-01,W01,P005,484,205,1.74
2025-11-01,W01,P031,408,92,5.84
2025-11-01,W01,P026,820,307,11.08
2025-11-01,W01,P044,676,255,1.24
2025-11-01,W01,P036,186,33,0.35
2025-11-01,W01,P022,345,69,0.52
2025-11-01,W01,P047,298,70,0.46
2025-11-01,W01,P030,344,138,0.99
2025-11-01,W01,P040,259,78,0.9
2025-11-01,W01,P060,337,94,3.45
2025-11-01,W01,P011,186,51,0.33
2025-11-01,W01,P029,44,20,0.09
2025-11-01,W01,P023,679,239,8.12
2025-11-01,W01,P013,290,69,0.45
2025-11-01,W01,P018,330,98,1.76
2025-11-01,W01,P032,880,256,2.84
2025-11-01,W01,P021,488,212,3.07
2025-11-01,W01,P024,576,177,2.97
2025-11-01,W01,P007,36,20,0.06
2025-11-01,W01,P027,252,112,1.02
2025-11-01,W01,P034,323,102,0.54
2025-11-01,W01,P019,0,24,0.0
2025-11-01,W01,P059,391,118,0.55
2025-11-01,W01,P049,389,171,2.3
2025-11-01,W01,P010,703,227,11.01
2025-11-01,W01,P015,354,93,0.51
2025-11-01,W01,P046,538,211,0.95
2025-11-01,W01,P054,357,112,0.92
2025-11-01,W02,P022,369,89,0.61
2025-11-01,W02,P009,866,355,1.17
2025-11-01,W02,P016,877,259,1.58
2025-11-01,W02,P033,418,124,0.65
2025-11-01,W02,P001,499,158,1.47
2025-11-01,W02,P028,775,279,5.21
2025-11-01,W02,P043,740,178,1.25
2025-11-01,W02,P023,507,193,0.77
2025-11-01,W02,P031,746,283,4.24
2025-11-01,W02,P021,519,226,0.72
2025-11-01,W02,P049,78,20,0.42
2025-11-01,W02,P054,237,104,1.81
2025-11-01,W02,P027,74,21,0.23
2025-11-01,W02,P003,244,62,2.45
2025-11-01,W02,P008,609,143,3.26
2025-11-01,W02,P025,825,268,1.77
2025-11-01,W02,P012,824,292,5.65
2025-11-01,W02,P010,820,149,1.73
2025-11-01,W02,P015,489,157,0.83
2025-11-01,W02,P020,50,21,0.5
2025-11-01,W02,P013,402,171,0.65
2025-11-01,W02,P039,303,121,0.52
2025-11-01,W02,P038,424,86,2.12
2025-11-01,W02,P019,811,173,1.59
2025-11-01,W02,P035,69,22,0.25
2025-11-01,W02,P004,776,227,1.39
2025-11-01,W02,P055,213,95,0.33
2025-11-01,W02,P036,825,233,1.54
2025-11-01,W02,P029,810,323,3.79
2025-11-01,W02,P045,721,303,8.53
2025-11-01,W02,P011,399,176,1.12
2025-11-01,W02,P017,266,59,0.78
2025-11-01,W02,P037,592,152,1.13
2025-11-01,W02,P053,255,60,0.88
2025-11-01,W02,P040,193,48,0.27
2025-11-01,W02,P030,680,256,1.15
2025-11-01,W02,P007,340,131,1.05
2025-11-01,W02,P005,485,187,0.94
2025-11-01,W02,P052,412,80,2.5
2025-11-01,W02,P059,0,96,0.0
2025-11-01,W02,P047,355,118,3.78
2025-11-01,W02,P057,726,146,5.41
2025-11-01,W02,P056,211,73,0.79
2025-11-01,W02,P042,105,33,0.17
2025-11-01,W02,P018,470,181,1.08
2025-11-01,W02,P044,214,69,0.31
2025-11-01,W02,P026,526,148,1.78
2025-11-01,W02,P060,341,81,0.51
2025-11-01,W02,P050,83,20,0.17
2025-11-01,W02,P014,171,72,0.49
2025-11-01,W02,P034,320,112,2.75
2025-11-01,W02,P002,680,140,0.99
2025-11-01,W02,P006,410,147,0.61
2025-11-01,W02,P048,776,262,1.36
2025-11-01,W02,P058,360,149,0.66
2025-11-01,W02,P041,80,35,0.18
2025-11-01,W02,P046,216,46,0.55
2025-11-01,W02,P024,813,355,1.48
2025-11-01,W02,P051,859,318,2.22
2025-11-01,W02,P032,405,114,1.66
2025-11-01,W03,P021,635,146,6.29
2025-11-01,W03,P012,433,142,1.03
2025-11-01,W03,P032,790,142,3.69
2025-11-01,W03,P042,363,109,1.72
2025-11-01,W03,P010,455,113,0.94
2025-11-01,W03,P005,813,186,1.87
2025-11-01,W03,P054,704,153,1.51
2025-11-01,W03,P048,813,320,4.18
2025-11-01,W03,P011,253,48,0.91
2025-11-01,W03,P037,780,248,1.82
2025-11-01,W03,P030,755,261,1.15
2025-11-01,W03,P040,790,333,1.95
2025-11-01,W03,P019,798,241,2.69
2025-11-01,W03,P007,190,69,0.38
2025-11-01,W03,P013,332,79,2.76
2025-11-01,W03,P038,638,154,2.51
2025-11-01,W03,P020,445,121,1.54
2025-11-01,W03,P008,590,221,2.22
2025-11-01,W03,P031,247,105,0.75
2025-11-01,W03,P058,239,95,0.67
2025-11-01,W03,P052,54,20,0.22
2025-11-01,W03,P044,860,235,1.31
2025-11-01,W03,P056,0,321,0.0
2025-11-01,W03,P029,313,61,0.49
2025-11-01,W03,P015,842,182,1.71
2025-11-01,W03,P035,818,202,11.11
2025-11-01,W03,P033,275,74,0.59
2025-11-01,W03,P051,241,79,1.85
2025-11-01,W03,P003,660,239,2.54
2025-11-01,W03,P053,547,183,0.75
2025-11-01,W03,P060,444,87,7.13
2025-11-01,W03,P043,72,29,0.18
2025-11-01,W03,P006,733,152,8.14
2025-11-01,W03,P055,805,147,1.86
2025-11-01,W03,P049,578,257,1.91
2025-11-01,W03,P039,637,243,1.82
2025-11-01,W03,P025,468,109,4.19
2025-11-01,W03,P024,587,189,1.01
2025-11-01,W03,P047,72,20,0.49
2025-11-01,W03,P014,859,341,2.17
2025-11-01,W03,P026,569,225,4.01
2025-11-01,W03,P036,423,184,1.63
2025-11-01,W03,P022,423,174,0.84
2025-11-01,W03,P027,240,47,0.75
2025-11-01,W03,P017,828,216,1.17
2025-11-01,W03,P028,313,61,1.35
2025-11-01,W03,P004,119,43,0.18
2025-11-01,W03,P023,843,319,1.26
2025-11-01,W03,P034,181,54,0.45
2025-11-01,W03,P016,865,270,1.88
2025-11-01,W03,P059,604,131,2.94
2025-11-01,W03,P050,224,67,3.37
2025-11-01,W03,P018,354,138,5.59
2025-11-01,W03,P045,746,334,1.01
2025-11-01,W03,P046,674,286,1.47
2025-11-01,W03,P057,791,288,1.59
2025-11-01,W03,P001,70,31,1.06
2025-11-01,W03,P009,221,42,0.63
2025-11-01,W03,P002,273,120,0.43
2025-11-01,W03,P041,835,322,1.67
2025-11-01,W04,P033,402,99,1.19
2025-11-01,W04,P019,0,60,0.0
2025-11-01,W04,P055,770,147,2.83
2025-11-01,W04,P029,364,120,0.68
2025-11-01,W04,P002,159,42,0.61
2025-11-01,W04,P036,566,111,5.84
2025-11-01,W04,P052,459,121,0.88
2025-11-01,W04,P047,459,205,0.94
2025-11-01,W04,P008,663,143,1.19
2025-11-01,W04,P037,126,45,0.18
2025-11-01,W04,P053,443,196,1.17
2025-11-01,W04,P035,329,62,1.88
2025-11-01,W04,P043,109,43,0.2
2025-11-01,W04,P021,154,51,0.57
2025-11-01,W04,P006,827,286,2.94
2025-11-01,W04,P028,174,69,0.34
2025-11-01,W04,P059,106,37,0.3
2025-11-01,W04,P024,412,157,0.87
2025-11-01,W04,P012,50,20,0.2
2025-11-01,W04,P041,44,20,0.21
2025-11-01,W04,P031,210,51,0.45
2025-11-01,W04,P051,147,52,1.86
2025-11-01,W04,P020,183,39,0.29
2025-11-01,W04,P040,137,42,0.19
2025-11-01,W04,P057,456,133,0.73
2025-11-01,W04,P027,599,174,0.9
2025-11-01,W04,P018,840,240,1.41
2025-11-01,W04,P038,694,231,4.74
2025-11-01,W04,P014,0,171,0.0
2025-11-01,W04,P015,85,26,0.12
2025-11-01,W04,P004,801,255,7.3
2025-11-01,W04,P058,846,303,3.88
2025-11-01,W04,P054,346,96,0.63
2025-11-01,W04,P016,517,132,1.53
2025-11-01,W04,P003,636,268,2.16
2025-11-01,W04,P022,68,20,0.13
2025-11-01,W04,P030,677,181,1.95
2025-11-01,W04,P013,734,232,1.16
2025-11-01,W04,P050,98,40,0.29
2025-11-01,W04,P045,82,25,0.24
2025-11-01,W04,P005,205,90,0.79
2025-11-01,W04,P032,584,181,1.89
2025-11-01,W04,P001,304,70,0.49
2025-11-01,W04,P011,694,133,1.09
2025-11-01,W04,P046,548,128,2.58
2025-11-01,W04,P010,240,46,0.4
2025-11-01,W04,P023,214,47,0.45
2025-11-01,W04,P017,593,203,2.61
2025-11-01,W04,P044,871,175,1.55
2025-11-01,W04,P056,162,50,0.23
2025-11-01,W04,P060,704,288,4.89
2025-11-01,W04,P042,826,157,1.89
2025-11-01,W04,P039,0,118,0.0
2025-11-01,W04,P025,551,197,2.63
2025-11-01,W04,P034,171,69,0.32
2025-11-01,W04,P048,64,21,0.09
2025-11-01,W04,P009,517,103,1.29
2025-11-01,W04,P007,622,123,1.88
2025-11-01,W04,P049,660,207,2.96
2025-11-01,W04,P026,274,100,1.53
2025-11-01,W05,P017,49,20,0.1
2025-11-01,W05,P010,386,118,0.62
2025-11-01,W05,P037,888,218,1.44
2025-11-01,W05,P045,146,34,0.24
2025-11-01,W05,P040,0,161,0.0
2025-11-01,W05,P059,359,152,0.79
2025-11-01,W05,P026,683,226,2.34
2025-11-01,W05,P052,661,283,7.86
2025-11-01,W05,P043,537,232,1.11
2025-11-01,W05,P008,575,170,1.97
2025-11-01,W05,P038,80,21,0.58
2025-11-01,W05,P054,339,125,0.79
2025-11-01,W05,P025,404,122,0.67
2025-11-01,W05,P046,899,191,2.96
2025-11-01,W05,P020,118,48,0.88
2025-11-01,W05,P053,818,352,1.72
2025-11-01,W05,P015,310,67,2.2
2025-11-01,W05,P011,568,239,1.06
2025-11-01,W05,P023,479,170,3.32
2025-11-01,W05,P036,66,23,0.12
2025-11-01,W05,P019,589,264,0.88
2025-11-01,W05,P041,310,56,2.21
2025-11-01,W05,P007,578,226,5.73
2025-11-01,W05,P044,130,40,0.23
2025-11-01,W05,P057,65,20,0.35
2025-11-01,W05,P018,716,131,1.69
2025-11-01,W05,P006,814,267,1.2
2025-11-01,W05,P029,788,217,1.18
2025-11-01,W05,P014,250,47,1.77
2025-11-01,W05,P047,595,244,0.9
2025-11-01,W05,P050,842,284,8.6
2025-11-01,W05,P033,273,91,0.41
2025-11-01,W05,P031,424,159,6.6
2025-11-01,W05,P021,112,31,0.32
2025-11-01,W05,P034,871,345,1.37
2025-11-01,W05,P060,395,114,0.72
2025-11-01,W05,P009,396,81,0.53
2025-11-01,W05,P028,608,207,1.05
2025-11-01,W05,P024,0,323,0.0
2025-11-01,W05,P032,499,146,1.03
2025-11-01,W05,P022,161,35,2.65
2025-11-01,W05,P035,185,69,1.13
2025-11-01,W05,P049,637,136,0.95
2025-11-01,W05,P058,470,145,5.49
2025-11-01,W05,P055,465,186,0.89
2025-11-01,W05,P051,400,93,1.09
2025-11-01,W05,P048,150,27,1.43
2025-11-01,W05,P056,212,46,2.39
2025-11-01,W05,P030,891,392,1.43
2025-11-01,W05,P042,224,99,0.57
2025-11-01,W05,P013,299,80,2.02
2025-11-01,W05,P003,118,29,0.4
2025-11-01,W05,P005,596,238,1.33
2025-11-01,W05,P004,750,319,1.04
2025-11-01,W05,P002,353,131,1.56
2025-11-01,W05,P001,712,272,2.66
2025-11-01,W05,P027,142,59,0.41
2025-11-01,W05,P016,84,20,1.24
2025-11-01,W05,P012,753,307,1.89
2025-11-01,W05,P039,722,227,1.57
2025-11-01,W06,P003,60,21,0.1
2025-11-01,W06,P028,266,81,1.05
2025-11-01,W06,P036,757,279,1.28
2025-11-01,W06,P010,340,98,0.73
2025-11-01,W06,P041,418,99,0.88
2025-11-01,W06,P023,165,54,0.32
2025-11-01,W06,P055,185,78,0.25
2025-11-01,W06,P050,130,47,0.19
2025-11-01,W06,P004,379,84,1.1
2025-11-01,W06,P058,382,87,0.76
2025-11-01,W06,P019,678,202,3.26
2025-11-01,W06,P018,833,202,1.84
2025-11-01,W06,P014,731,188,1.33
2025-11-01,W06,P008,242,79,0.43
2025-11-01,W06,P054,570,117,0.93
2025-11-01,W06,P024,895,243,3.04
2025-11-01,W06,P007,659,284,3.34
2025-11-01,W06,P044,367,161,0.73
2025-11-01,W06,P045,243,64,3.63
2025-11-01,W06,P032,424,76,0.65
2025-11-01,W06,P060,441,153,0.8
2025-11-01,W06,P026,646,241,0.98
2025-11-01,W06,P048,546,129,1.92
2025-11-01,W06,P020,756,277,1.3
2025-11-01,W06,P005,309,59,1.9
2025-11-01,W06,P037,56,20,0.57
2025-11-01,W06,P059,55,20,0.09
2025-11-01,W06,P017,508,103,5.23
2025-11-01,W06,P029,583,132,0.82
2025-11-01,W06,P042,810,208,2.39
2025-11-01,W06,P016,382,148,0.51
2025-11-01,W06,P027,243,81,1.08
2025-11-01,W06,P025,803,210,1.17
2025-11-01,W06,P033,336,125,0.69
2025-11-01,W06,P035,47,20,0.16
2025-11-01,W06,P046,325,88,0.92
2025-11-01,W06,P056,772,228,3.02
2025-11-01,W06,P057,416,105,1.05
2025-11-01,W06,P051,713,171,2.27
2025-11-01,W06,P022,465,104,3.63
2025-11-01,W06,P031,338,73,0.85
2025-11-01,W06,P015,355,74,0.64
2025-11-01,W06,P006,0,142,0.0
2025-11-01,W06,P002,649,181,0.88
2025-11-01,W06,P043,243,64,2.43
2025-11-01,W06,P047,479,212,0.98
2025-11-01,W06,P034,59,25,0.29
2025-11-01,W06,P011,260,52,0.45
2025-11-01,W06,P040,260,105,3.3
2025-11-01,W06,P012,117,27,0.26
2025-11-01,W06,P013,766,335,1.34
2025-11-01,W06,P009,726,309,2.48
2025-11-01,W06,P049,128,31,0.34
2025-11-01,W06,P053,727,257,1.01
2025-11-01,W06,P052,582,148,0.79
2025-11-01,W06,P038,209,74,0.35
2025-11-01,W06,P001,273,112,0.38
2025-11-01,W06,P030,587,118,0.97
2025-11-01,W06,P021,104,38,0.5
2025-11-01,W06,P039,0,75,0.0
2025-11-01,W07,P033,69,21,0.97
2025-11-01,W07,P043,159,70,0.22
2025-11-01,W07,P008,95,31,0.21
2025-11-01,W07,P024,278,62,0.66
2025-11-01,W07,P052,142,35,0.24
2025-11-01,W07,P002,67,20,0.1
2025-11-01,W07,P050,80,20,0.15
2025-11-01,W07,P045,637,198,1.76
2025-11-01,W07,P010,784,173,4.09
2025-11-01,W07,P031,495,113,2.44
2025-11-01,W07,P060,226,76,0.59
2025-11-01,W07,P012,360,141,0.86
2025-11-01,W07,P007,651,128,0.88
2025-11-01,W07,P022,453,110,2.09
2025-11-01,W07,P013,890,256,1.69
2025-11-01,W07,P001,575,109,0.94
2025-11-01,W07,P026,811,218,3.88
2025-11-01,W07,P042,428,126,1.12
2025-11-01,W07,P032,295,96,0.58
2025-11-01,W07,P051,432,81,1.93
2025-11-01,W07,P034,772,292,2.34
2025-11-01,W07,P016,397,121,1.03
2025-11-01,W07,P053,272,90,0.79
2025-11-01,W07,P047,331,145,0.46
2025-11-01,W07,P049,145,44,0.25
2025-11-01,W07,P044,411,120,0.73
2025-11-01,W07,P015,731,264,3.17
2025-11-01,W07,P021,550,170,2.0
2025-11-01,W07,P009,223,61,2.87
2025-11-01,W07,P055,227,69,0.55
2025-11-01,W07,P006,468,205,0.8
2025-11-01,W07,P038,283,123,0.4
2025-11-01,W07,P023,280,56,3.28
2025-11-01,W07,P035,642,270,7.48
2025-11-01,W07,P030,555,190,1.66
2025-11-01,W07,P056,346,112,1.84
2025-11-01,W07,P039,833,275,3.69
2025-11-01,W07,P004,835,341,1.12
2025-11-01,W07,P029,464,97,0.82
2025-11-01,W07,P036,621,189,2.65
2025-11-01,W07,P011,548,222,0.86
2025-11-01,W07,P003,526,235,3.78
2025-11-01,W07,P054,117,22,0.46
2025-11-01,W07,P027,367,96,0.5
2025-11-01,W07,P059,849,356,1.31
2025-11-01,W07,P025,895,393,2.07
2025-11-01,W07,P037,409,93,6.77
2025-11-01,W07,P057,143,35,0.23
2025-11-01,W07,P017,616,267,3.34
2025-11-01,W07,P014,482,118,5.65
2025-11-01,W07,P040,879,180,2.93
2025-11-01,W07,P020,347,122,0.95
2025-11-01,W07,P041,120,41,0.6
2025-11-01,W07,P018,874,271,1.54
2025-11-01,W07,P048,509,225,1.27
2025-11-01,W07,P019,498,172,2.72
2025-11-01,W07,P046,297,59,2.3
2025-11-01,W07,P028,613,143,1.04
2025-11-01,W07,P005,419,130,2.11
2025-11-01,W07,P058,565,229,2.11
2025-11-01,W08,P044,328,115,0.86
2025-11-01,W08,P050,306,84,0.59
2025-11-01,W08,P003,865,373,5.65
2025-11-01,W08,P014,548,161,0.97
2025-11-01,W08,P037,235,97,1.92
2025-11-01,W08,P017,729,148,2.5
2025-11-01,W08,P004,373,161,2.36
2025-11-01,W08,P012,502,206,1.55
2025-11-01,W08,P006,451,106,1.39
2025-11-01,W08,P019,133,30,0.3
2025-11-01,W08,P058,220,98,0.73
2025-11-01,W08,P011,718,198,3.01
2025-11-01,W08,P055,546,156,0.95
2025-11-01,W08,P020,420,139,3.02
2025-11-01,W08,P031,548,236,1.02
2025-11-01,W08,P060,91,37,0.38
2025-11-01,W08,P059,339,122,0.46
2025-11-01,W08,P039,573,144,2.9
2025-11-01,W08,P056,164,63,0.23
2025-11-01,W08,P057,131,29,0.22
2025-11-01,W08,P045,53,20,0.11
2025-11-01,W08,P015,0,288,0.0
2025-11-01,W08,P048,344,148,2.66
2025-11-01,W08,P029,799,283,2.39
2025-11-01,W08,P051,554,222,1.7
2025-11-01,W08,P024,126,55,0.2
2025-11-01,W08,P038,335,85,0.51
2025-11-01,W08,P022,273,95,0.84
2025-11-01,W08,P041,247,56,0.35
2025-11-01,W08,P007,169,32,1.8
2025-11-01,W08,P033,842,286,1.58
2025-11-01,W08,P054,642,214,1.9
2025-11-01,W08,P034,0,26,0.0
2025-11-01,W08,P028,263,105,1.05
2025-11-01,W08,P036,330,75,0.67
2025-11-01,W08,P040,512,212,2.47
2025-11-01,W08,P009,721,281,1.51
2025-11-01,W08,P049,508,119,0.84
2025-11-01,W08,P025,695,251,1.28
2025-11-01,W08,P001,536,193,1.68
2025-11-01,W08,P030,118,31,0.85
2025-11-01,W08,P018,552,193,2.53
2025-11-01,W08,P026,658,156,2.49
2025-11-01,W08,P046,829,237,1.34
2025-11-01,W08,P016,201,50,0.48
2025-11-01,W08,P027,569,249,0.94
2025-11-01,W08,P013,837,295,1.21
2025-11-01,W08,P005,141,43,0.44
2025-11-01,W08,P047,141,62,0.97
2025-11-01,W08,P043,207,64,0.47
2025-11-01,W08,P002,806,169,2.41
2025-11-01,W08,P021,0,392,0.0
2025-11-01,W08,P032,409,179,1.38
2025-11-01,W08,P053,484,180,7.32
2025-11-01,W08,P008,395,124,1.16
2025-11-01,W08,P052,423,104,1.16
2025-11-01,W08,P023,177,79,0.24
2025-11-01,W08,P042,565,239,1.68
2025-11-01,W08,P035,554,195,1.14
2025-11-01,W08,P010,887,233,4.27
2025-12-01,W01,P044,362,99,3.15
2025-12-01,W01,P030,383,122,2.51
2025-12-01,W01,P039,0,168,0.0
2025-12-01,W01,P060,296,64,0.54
2025-12-01,W01,P009,840,277,2.31
2025-12-01,W01,P036,49,20,0.34
2025-12-01,W01,P016,48,20,0.09
2025-12-01,W01,P001,49,20,0.07
2025-12-01,W01,P057,402,167,0.57
2025-12-01,W01,P011,506,140,2.4
2025-12-01,W01,P028,641,228,1.27
2025-12-01,W01,P041,315,69,0.67
2025-12-01,W01,P035,380,86,0.98
2025-12-01,W01,P058,836,254,2.87
2025-12-01,W01,P038,253,108,0.43
2025-12-01,W01,P014,728,304,3.62
2025-12-01,W01,P047,326,132,1.05
2025-12-01,W01,P031,768,319,2.96
2025-12-01,W01,P045,892,306,1.56
2025-12-01,W01,P052,676,152,1.94
2025-12-01,W01,P006,558,223,1.32
2025-12-01,W01,P012,812,310,1.94
2025-12-01,W01,P037,679,295,1.14
2025-12-01,W01,P024,446,98,0.61
2025-12-01,W01,P043,746,239,6.7
2025-12-01,W01,P055,685,226,0.96
2025-12-01,W01,P029,770,196,1.69
2025-12-01,W01,P051,603,122,1.37
2025-12-01,W01,P034,453,98,0.72
2025-12-01,W01,P026,258,112,0.67
2025-12-01,W01,P050,232,58,0.39
2025-12-01,W01,P007,507,148,0.69
2025-12-01,W01,P010,427,122,1.39
2025-12-01,W01,P042,369,156,0.75
2025-12-01,W01,P033,744,274,8.2
2025-12-01,W01,P054,605,204,1.21
2025-12-01,W01,P032,672,175,1.8
2025-12-01,W01,P048,173,60,0.4
2025-12-01,W01,P002,316,111,1.54
2025-12-01,W01,P017,590,262,0.87
2025-12-01,W01,P027,266,103,0.4
2025-12-01,W01,P040,79,24,0.53
2025-12-01,W01,P049,760,320,9.36
2025-12-01,W01,P059,118,35,0.5
2025-12-01,W01,P003,100,25,0.35
2025-12-01,W01,P046,605,139,2.01
2025-12-01,W01,P021,725,289,2.13
2025-12-01,W01,P018,63,24,0.12
2025-12-01,W01,P015,829,259,1.6
2025-12-01,W01,P019,748,188,1.64
2025-12-01,W01,P008,115,29,0.18
2025-12-01,W01,P004,623,117,4.84
2025-12-01,W01,P025,379,131,2.26
2025-12-01,W01,P053,97,24,0.26
2025-12-01,W01,P056,834,294,1.55
2025-12-01,W01,P023,433,140,1.63
2025-12-01,W01,P005,281,106,3.39
2025-12-01,W01,P020,852,339,2.15
2025-12-01,W01,P013,72,25,0.48
2025-12-01,W01,P022,481,201,0.87
2025-12-01,W02,P001,760,341,1.27
2025-12-01,W02,P045,624,191,1.99
2025-12-01,W02,P002,522,122,1.44
2025-12-01,W02,P057,500,97,0.89
2025-12-01,W02,P027,402,94,4.17
2025-12-01,W02,P035,784,319,6.49
2025-12-01,W02,P026,315,75,0.49
2025-12-01,W02,P011,254,109,0.47
2025-12-01,W02,P033,465,191,1.05
2025-12-01,W02,P030,316,97,4.22
2025-12-01,W02,P050,819,222,1.12
2025-12-01,W02,P029,253,54,0.79
2025-12-01,W02,P047,694,126,1.05
2025-12-01,W02,P025,600,180,1.66
2025-12-01,W02,P010,691,183,0.96
2025-12-01,W02,P008,558,167,4.07
2025-12-01,W02,P018,476,141,0.73
2025-12-01,W02,P041,184,73,0.66
2025-12-01,W02,P028,244,104,0.34
2025-12-01,W02,P042,80,20,0.15
2025-12-01,W02,P058,651,226,0.96
2025-12-01,W02,P019,825,200,4.82
2025-12-01,W02,P037,355,115,0.7
2025-12-01,W02,P043,154,35,0.28
2025-12-01,W02,P053,445,156,2.23
2025-12-01,W02,P059,203,48,0.96
2025-12-01,W02,P032,68,22,0.1
2025-12-01,W02,P048,514,186,0.79
2025-12-01,W02,P054,390,113,0.89
2025-12-01,W02,P038,780,186,1.09
2025-12-01,W02,P009,513,213,0.69
2025-12-01,W02,P016,63,27,0.09
2025-12-01,W02,P024,79,25,0.12
2025-12-01,W02,P036,90,35,0.12
2025-12-01,W02,P023,391,169,3.22
2025-12-01,W02,P004,377,111,0.82
2025-12-01,W02,P031,97,20,0.53
2025-12-01,W02,P006,492,109,0.72
2025-12-01,W02,P052,361,106,3.24
2025-12-01,W02,P049,815,217,3.3
2025-12-01,W02,P034,841,199,1.37
2025-12-01,W02,P015,211,46,0.92
2025-12-01,W02,P021,526,137,1.04
2025-12-01,W02,P039,58,20,0.08
2025-12-01,W02,P012,433,108,1.4
2025-12-01,W02,P003,0,54,0.0
2025-12-01,W02,P051,176,46,0.31
2025-12-01,W02,P022,726,247,10.13
2025-12-01,W02,P060,808,325,1.29
2025-12-01,W02,P005,429,149,0.71
2025-12-01,W02,P056,762,227,2.3
2025-12-01,W02,P040,642,222,1.3
2025-12-01,W02,P013,115,34,0.29
2025-12-01,W02,P020,642,277,1.62
2025-12-01,W02,P017,253,83,0.49
2025-12-01,W02,P044,96,38,0.24
2025-12-01,W02,P055,575,190,2.44
2025-12-01,W02,P046,79,25,0.18
2025-12-01,W02,P014,217,44,1.27
2025-12-01,W02,P007,117,45,0.36
2025-12-01,W03,P032,612,120,0.84
2025-12-01,W03,P010,210,86,1.31
2025-12-01,W03,P041,239,59,0.32
2025-12-01,W03,P044,409,78,1.0
2025-12-01,W03,P019,812,364,7.49
2025-12-01,W03,P037,393,116,1.31
2025-12-01,W03,P055,572,191,0.82
2025-12-01,W03,P027,302,94,0.55
2025-12-01,W03,P050,460,148,1.41
2025-12-01,W03,P026,400,154,0.57
2025-12-01,W03,P049,393,75,1.88
2025-12-01,W03,P052,326,72,1.11
2025-12-01,W03,P030,0,34,0.0
2025-12-01,W03,P001,188,76,0.57
2025-12-01,W03,P012,864,312,1.23
2025-12-01,W03,P045,867,262,5.45
2025-12-01,W03,P023,403,77,1.94
2025-12-01,W03,P011,324,75,1.57
2025-12-01,W03,P054,459,100,0.67
2025-12-01,W03,P013,800,234,1.1
2025-12-01,W03,P007,33,20,0.06
2025-12-01,W03,P048,769,299,1.08
2025-12-01,W03,P015,608,223,3.56
2025-12-01,W03,P021,374,140,0.75
2025-12-01,W03,P004,0,229,0.0
2025-12-01,W03,P031,492,182,2.37
2025-12-01,W03,P047,594,125,1.64
2025-12-01,W03,P017,516,164,2.38
2025-12-01,W03,P009,634,222,6.32
2025-12-01,W03,P056,271,59,0.57
2025-12-01,W03,P059,739,208,1.6
2025-12-01,W03,P034,354,65,0.62
2025-12-01,W03,P005,369,165,0.63
2025-12-01,W03,P002,607,197,1.5
2025-12-01,W03,P060,864,281,1.16
2025-12-01,W03,P025,868,179,1.51
2025-12-01,W03,P022,133,44,0.24
2025-12-01,W03,P006,51,20,0.67
2025-12-01,W03,P035,896,294,1.61
2025-12-01,W03,P033,559,109,6.92
2025-12-01,W03,P020,715,258,7.41
2025-12-01,W03,P051,367,115,2.82
2025-12-01,W03,P038,318,92,2.41
2025-12-01,W03,P003,35,20,0.15
2025-12-01,W03,P024,781,235,1.63
2025-12-01,W03,P046,246,72,3.02
2025-12-01,W03,P058,536,168,2.91
2025-12-01,W03,P014,745,220,3.74
2025-12-01,W03,P036,792,174,3.29
2025-12-01,W03,P042,451,157,0.64
2025-12-01,W03,P043,536,233,2.36
2025-12-01,W03,P016,718,271,3.81
2025-12-01,W03,P008,755,317,3.13
2025-12-01,W03,P057,712,179,4.46
2025-12-01,W03,P040,719,133,1.85
2025-12-01,W03,P018,397,134,3.26
2025-12-01,W03,P028,237,97,0.43
2025-12-01,W03,P053,410,180,4.64
2025-12-01,W03,P029,753,195,1.46
2025-12-01,W03,P039,153,48,1.07
2025-12-01,W04,P059,500,165,1.36
2025-12-01,W04,P050,193,81,0.27
2025-12-01,W04,P031,42,20,0.09
2025-12-01,W04,P033,676,212,10.07
2025-12-01,W04,P016,40,20,0.52
2025-12-01,W04,P028,397,127,0.74
2025-12-01,W04,P011,235,85,1.41
2025-12-01,W04,P052,49,20,0.08
2025-12-01,W04,P004,124,34,0.39
2025-12-01,W04,P042,57,20,0.29
2025-12-01,W04,P021,715,253,1.72
2025-12-01,W04,P060,288,101,1.17
2025-12-01,W04,P008,142,33,0.5
2025-12-01,W04,P051,454,144,0.71
2025-12-01,W04,P040,0,335,0.0
2025-12-01,W04,P053,809,229,1.37
2025-12-01,W04,P026,581,200,1.38
2025-12-01,W04,P013,703,290,3.54
2025-12-01,W04,P048,891,267,1.58
2025-12-01,W04,P057,230,71,0.52
2025-12-01,W04,P006,558,123,2.09
2025-12-01,W04,P041,366,160,1.96
2025-12-01,W04,P032,799,269,1.91
2025-12-01,W04,P030,506,114,1.47
2025-12-01,W04,P002,197,66,0.27
2025-12-01,W04,P046,111,31,0.2
2025-12-01,W04,P019,184,33,0.45
2025-12-01,W04,P055,328,114,1.3
2025-12-01,W04,P015,0,184,0.0
2025-12-01,W04,P014,93,20,0.71
2025-12-01,W04,P009,0,60,0.0
2025-12-01,W04,P027,45,20,0.09
2025-12-01,W04,P025,235,72,0.47
2025-12-01,W04,P039,243,103,1.74
2025-12-01,W04,P038,453,112,0.83
2025-12-01,W04,P020,438,175,0.82
2025-12-01,W04,P036,602,161,3.52
2025-12-01,W04,P010,309,81,0.8
2025-12-01,W04,P037,887,383,3.15
2025-12-01,W04,P044,839,215,1.13
2025-12-01,W04,P035,516,124,1.1
2025-12-01,W04,P024,630,191,1.45
2025-12-01,W04,P022,626,188,0.84
2025-12-01,W04,P049,319,68,2.07
2025-12-01,W04,P043,442,156,0.71
2025-12-01,W04,P003,422,87,3.66
2025-12-01,W04,P054,488,173,0.75
2025-12-01,W04,P005,90,27,0.23
2025-12-01,W04,P007,209,48,0.43
2025-12-01,W04,P058,691,138,2.09
2025-12-01,W04,P018,548,140,1.81
2025-12-01,W04,P047,293,123,0.72
2025-12-01,W04,P012,886,353,1.22
2025-12-01,W04,P029,838,284,1.38
2025-12-01,W04,P045,373,145,2.8
2025-12-01,W04,P017,342,135,0.83
2025-12-01,W04,P023,771,321,1.23
2025-12-01,W04,P034,733,243,3.64
2025-12-01,W04,P001,79,29,0.71
2025-12-01,W04,P056,291,72,0.4
2025-12-01,W05,P052,640,276,1.15
2025-12-01,W05,P035,894,279,1.37
2025-12-01,W05,P049,353,132,0.48
2025-12-01,W05,P033,314,121,0.56
2025-12-01,W05,P042,820,262,1.43
2025-12-01,W05,P055,566,104,5.14
2025-12-01,W05,P018,687,163,1.25
2025-12-01,W05,P030,889,247,4.59
2025-12-01,W05,P011,296,97,0.42
2025-12-01,W05,P044,893,167,1.37
2025-12-01,W05,P002,429,103,1.15
2025-12-01,W05,P051,591,115,1.6
2025-12-01,W05,P023,86,31,0.14
2025-12-01,W05,P010,434,89,3.71
2025-12-01,W05,P057,258,108,0.35
2025-12-01,W05,P046,464,115,2.48
2025-12-01,W05,P047,337,143,0.74
2025-12-01,W05,P017,724,143,1.65
2025-12-01,W05,P009,121,51,0.2
2025-12-01,W05,P001,663,179,1.44
2025-12-01,W05,P025,690,260,2.39
2025-12-01,W05,P060,745,204,1.38
2025-12-01,W05,P027,433,135,0.74
2025-12-01,W05,P034,163,49,0.71
2025-12-01,W05,P040,429,88,2.3
2025-12-01,W05,P038,763,307,1.66
2025-12-01,W05,P041,758,215,2.38
2025-12-01,W05,P006,111,26,0.7
2025-12-01,W05,P014,179,63,0.54
2025-12-01,W05,P012,598,168,2.63
2025-12-01,W05,P029,859,183,2.13
2025-12-01,W05,P005,655,291,1.76
2025-12-01,W05,P022,516,161,0.78
2025-12-01,W05,P056,85,20,0.12
2025-12-01,W05,P007,165,52,0.79
2025-12-01,W05,P013,157,59,0.31
2025-12-01,W05,P059,715,174,2.93
2025-12-01,W05,P058,759,203,3.21
2025-12-01,W05,P024,41,20,0.09
2025-12-01,W05,P032,850,326,1.46
2025-12-01,W05,P028,660,196,5.29
2025-12-01,W05,P036,41,20,0.14
2025-12-01,W05,P019,660,216,1.1
2025-12-01,W05,P039,612,218,1.61
2025-12-01,W05,P015,876,231,10.71
2025-12-01,W05,P054,692,234,1.43
2025-12-01,W05,P003,272,110,0.42
2025-12-01,W05,P053,119,24,0.28
2025-12-01,W05,P031,89,34,0.15
2025-12-01,W05,P004,113,48,0.97
2025-12-01,W05,P045,862,276,4.2
2025-12-01,W05,P050,417,174,3.4
2025-12-01,W05,P021,710,278,4.25
2025-12-01,W05,P037,59,22,0.11
2025-12-01,W05,P048,735,241,11.29
2025-12-01,W05,P020,405,79,0.59
2025-12-01,W05,P026,208,92,0.4
2025-12-01,W05,P008,63,24,0.13
2025-12-01,W05,P043,676,199,4.01
2025-12-01,W05,P016,150,38,2.21
2025-12-01,W06,P026,162,60,0.28
2025-12-01,W06,P011,655,251,3.08
2025-12-01,W06,P056,636,251,1.37
2025-12-01,W06,P044,114,39,0.27
2025-12-01,W06,P010,612,181,5.32
2025-12-01,W06,P002,483,89,0.85
2025-12-01,W06,P042,257,71,0.35
2025-12-01,W06,P016,623,274,2.43
2025-12-01,W06,P052,532,149,4.96
2025-12-01,W06,P021,505,162,0.99
2025-12-01,W06,P037,525,210,0.78
2025-12-01,W06,P031,481,137,2.11
2025-12-01,W06,P005,305,132,1.81
2025-12-01,W06,P043,450,195,1.87
2025-12-01,W06,P006,434,114,1.06
2025-12-01,W06,P051,641,149,2.73
2025-12-01,W06,P030,805,287,1.56
2025-12-01,W06,P024,861,199,7.5
2025-12-01,W06,P017,229,68,0.31
2025-12-01,W06,P032,617,155,1.27
2025-12-01,W06,P019,765,143,1.04
2025-12-01,W06,P020,154,67,2.01
2025-12-01,W06,P001,394,118,0.55
2025-12-01,W06,P007,623,129,0.93
2025-12-01,W06,P033,448,85,3.21
2025-12-01,W06,P009,225,48,1.99
2025-12-01,W06,P048,897,289,3.63
2025-12-01,W06,P028,178,59,2.42
2025-12-01,W06,P018,475,195,6.57
2025-12-01,W06,P003,896,161,9.83
2025-12-01,W06,P045,494,196,0.66
2025-12-01,W06,P015,316,64,0.92
2025-12-01,W06,P022,463,204,0.89
2025-12-01,W06,P029,872,260,1.97
2025-12-01,W06,P012,279,113,0.42
2025-12-01,W06,P057,356,103,2.52
2025-12-01,W06,P047,810,309,1.57
2025-12-01,W06,P036,191,52,0.53
2025-12-01,W06,P049,446,186,1.41
2025-12-01,W06,P054,224,98,0.32
2025-12-01,W06,P050,349,92,0.53
2025-12-01,W06,P025,157,49,0.34
2025-12-01,W06,P053,738,140,1.1
2025-12-01,W06,P008,659,176,0.89
2025-12-01,W06,P060,800,263,2.27
2025-12-01,W06,P058,342,67,0.53
2025-12-01,W06,P035,734,191,1.11
2025-12-01,W06,P039,563,164,1.38
2025-12-01,W06,P023,599,255,4.56
2025-12-01,W06,P046,815,218,2.44
2025-12-01,W06,P013,707,248,2.29
2025-12-01,W06,P055,553,147,1.48
2025-12-01,W06,P027,771,329,2.39
2025-12-01,W06,P059,347,106,1.32
2025-12-01,W06,P004,722,156,8.18
2025-12-01,W06,P040,299,91,0.4
2025-12-01,W06,P014,550,214,1.02
2025-12-01,W06,P041,746,176,2.79
2025-12-01,W06,P038,819,336,1.55
2025-12-01,W06,P034,216,57,0.49
2025-12-01,W07,P005,702,292,1.28
2025-12-01,W07,P019,816,313,1.23
2025-12-01,W07,P014,655,145,0.88
2025-12-01,W07,P032,108,46,1.13
2025-12-01,W07,P010,899,403,6.59
2025-12-01,W07,P017,833,360,1.2
2025-12-01,W07,P055,314,101,0.85
2025-12-01,W07,P049,262,57,0.53
2025-12-01,W07,P037,677,248,3.09
2025-12-01,W07,P012,544,182,1.98
2025-12-01,W07,P036,292,114,0.44
2025-12-01,W07,P038,396,72,0.69
2025-12-01,W07,P051,133,24,0.42
2025-12-01,W07,P060,111,24,0.19
2025-12-01,W07,P047,37,20,0.08
2025-12-01,W07,P058,641,125,2.31
2025-12-01,W07,P006,751,172,2.3
2025-12-01,W07,P050,875,277,1.57
2025-12-01,W07,P059,385,153,1.28
2025-12-01,W07,P027,664,234,9.2
2025-12-01,W07,P008,416,113,0.98
2025-12-01,W07,P044,654,187,2.83
2025-12-01,W07,P020,225,95,0.56
2025-12-01,W07,P029,708,219,2.3
2025-12-01,W07,P011,207,49,0.28
2025-12-01,W07,P004,41,20,0.12
2025-12-01,W07,P016,426,169,4.91
2025-12-01,W07,P013,259,67,0.47
2025-12-01,W07,P022,462,93,2.2
2025-12-01,W07,P002,545,111,0.82
2025-12-01,W07,P033,818,239,3.21
2025-12-01,W07,P057,0,185,0.0
2025-12-01,W07,P039,353,75,0.57
2025-12-01,W07,P048,359,120,0.51
2025-12-01,W07,P015,68,21,0.09
2025-12-01,W07,P025,808,320,2.19
2025-12-01,W07,P001,340,74,2.23
2025-12-01,W07,P023,767,257,2.47
2025-12-01,W07,P031,501,138,1.01
2025-12-01,W07,P040,52,20,0.09
2025-12-01,W07,P041,70,22,0.14
2025-12-01,W07,P052,542,114,1.34
2025-12-01,W07,P003,53,20,0.1
2025-12-01,W07,P056,379,69,0.62
2025-12-01,W07,P007,214,44,0.43
2025-12-01,W07,P042,880,168,5.66
2025-12-01,W07,P024,0,92,0.0
2025-12-01,W07,P030,452,192,1.07
2025-12-01,W07,P045,394,142,1.01
2025-12-01,W07,P021,829,305,3.86
2025-12-01,W07,P034,515,164,0.75
2025-12-01,W07,P026,586,175,2.12
2025-12-01,W07,P018,715,182,1.5
2025-12-01,W07,P035,584,173,1.46
2025-12-01,W07,P043,55,20,0.09
2025-12-01,W07,P053,168,48,0.39
2025-12-01,W07,P054,459,140,0.92
2025-12-01,W07,P028,447,102,2.71
2025-12-01,W07,P046,750,256,1.25
2025-12-01,W07,P009,185,44,0.36
2025-12-01,W08,P055,762,256,3.87
2025-12-01,W08,P037,574,167,1.26
2025-12-01,W08,P048,591,178,2.56
2025-12-01,W08,P046,458,118,0.85
2025-12-01,W08,P040,345,75,0.87
2025-12-01,W08,P047,185,44,0.37
2025-12-01,W08,P056,137,29,0.19
2025-12-01,W08,P031,0,44,0.0
2025-12-01,W08,P053,439,157,0.73
2025-12-01,W08,P014,371,139,0.5
2025-12-01,W08,P035,518,223,1.15
2025-12-01,W08,P011,388,118,0.66
2025-12-01,W08,P008,161,48,0.49
2025-12-01,W08,P038,434,79,0.66
2025-12-01,W08,P041,74,27,0.1
2025-12-01,W08,P059,133,58,0.21
2025-12-01,W08,P004,723,298,1.34
2025-12-01,W08,P054,41,20,0.07
2025-12-01,W08,P007,894,319,1.57
2025-12-01,W08,P051,342,73,0.78
2025-12-01,W08,P027,652,162,2.77
2025-12-01,W08,P043,450,164,1.29
2025-12-01,W08,P003,739,155,2.79
2025-12-01,W08,P015,642,268,5.86
2025-12-01,W08,P029,137,57,0.31
2025-12-01,W08,P006,771,203,1.85
2025-12-01,W08,P023,121,32,0.76
2025-12-01,W08,P033,485,185,0.81
2025-12-01,W08,P039,501,165,7.11
2025-12-01,W08,P044,670,263,1.41
2025-12-01,W08,P057,322,97,0.85
2025-12-01,W08,P032,461,91,1.67
2025-12-01,W08,P010,0,191,0.0
2025-12-01,W08,P026,535,179,1.64
2025-12-01,W08,P016,218,83,0.62
2025-12-01,W08,P017,238,97,0.38
2025-12-01,W08,P050,700,247,1.96
2025-12-01,W08,P028,188,75,0.88
2025-12-01,W08,P036,401,92,1.94
2025-12-01,W08,P009,645,215,4.67
2025-12-01,W08,P021,415,156,3.21
2025-12-01,W08,P001,302,86,0.42
2025-12-01,W08,P025,775,212,1.45
2025-12-01,W08,P005,743,294,1.02
2025-12-01,W08,P058,364,67,2.39
2025-12-01,W08,P052,826,356,1.92
2025-12-01,W08,P012,342,84,0.52
2025-12-01,W08,P020,628,178,1.37
2025-12-01,W08,P024,340,85,0.94
2025-12-01,W08,P034,289,74,0.8
2025-12-01,W08,P030,672,246,1.67
2025-12-01,W08,P013,817,192,3.1
2025-12-01,W08,P019,691,193,4.59
2025-12-01,W08,P049,76,20,0.22
2025-12-01,W08,P002,507,201,1.16
2025-12-01,W08,P022,124,22,0.26
2025-12-01,W08,P018,339,125,0.78
2025-12-01,W08,P042,503,170,2.03
2025-12-01,W08,P060,360,67,0.81
2025-12-01,W08,P045,145,26,0.26
